Id,Start time,Completion time,Total points,Quiz feedback,Grade posted time,What is your home country? *,Points - What is your home country? *,Feedback - What is your home country? *,Which type of institution did you attend before coming to Northumbria?,Points - Which type of institution did you attend before coming to Northumbria?,Feedback - Which type of institution did you attend before coming to Northumbria?,Have you taken TOEFL or IELTS test?,Points - Have you taken TOEFL or IELTS test?,Feedback - Have you taken TOEFL or IELTS test?,Which MSc programme are you studying at the moment?,Points - Which MSc programme are you studying at the moment?,Feedback - Which MSc programme are you studying at the moment?,How many months have you been studying at Northumbria? ,Points - How many months have you been studying at Northumbria? ,Feedback - How many months have you been studying at Northumbria? ,How long is your programme,Points - How long is your programme,Feedback - How long is your programme,Is it your first time studying overseas?  (if yes please go to question 9),Points - Is it your first time studying overseas?  (if yes please go to question 9),Feedback - Is it your first time studying overseas?  (if yes please go to question 9),If you answered no to question 7 please detail the country or countries you have studied in and the qualifications gained.,Points - If you answered no to question 7 please detail the country or countries you have studied in and the qualifications gained.,Feedback - If you answered no to question 7 please detail the country or countries you have studied in and the qualifications gained.,What is your first language,Points - What is your first language,Feedback - What is your first language,Points - How do you rate your English language ability in the following areas?,Feedback - How do you rate your English language ability in the following areas?,How do you rate your English language ability in the following areas?.Reading,Points - How do you rate your English language ability in the following areas?.Reading,Feedback - How do you rate your English language ability in the following areas?.Reading,How do you rate your English language ability in the following areas?.Writing,Points - How do you rate your English language ability in the following areas?.Writing,Feedback - How do you rate your English language ability in the following areas?.Writing,How do you rate your English language ability in the following areas?.Listening,Points - How do you rate your English language ability in the following areas?.Listening,Feedback - How do you rate your English language ability in the following areas?.Listening,How do you rate your English language ability in the following areas?.Speaking,Points - How do you rate your English language ability in the following areas?.Speaking,Feedback - How do you rate your English language ability in the following areas?.Speaking,How do you rate your English language ability in the following areas?.Overall,Points - How do you rate your English language ability in the following areas?.Overall,Feedback - How do you rate your English language ability in the following areas?.Overall,"Have you studied at another institution in the UK? if yes, please name the college/university, the programme and level you studied at. ","Points - Have you studied at another institution in the UK? if yes, please name the college/university, the programme and level you studied at. ","Feedback - Have you studied at another institution in the UK? if yes, please name the college/university, the programme and level you studied at. ",Was the UK your first choice of a country to study in?,Points - Was the UK your first choice of a country to study in?,Feedback - Was the UK your first choice of a country to study in?,"Points - How important were the following factors in choosing Northumbria as a place to study? 
","Feedback - How important were the following factors in choosing Northumbria as a place to study? 
","How important were the following factors in choosing Northumbria as a place to study? 
.Agent's recommendation","Points - How important were the following factors in choosing Northumbria as a place to study? 
.Agent's recommendation","Feedback - How important were the following factors in choosing Northumbria as a place to study? 
.Agent's recommendation","How important were the following factors in choosing Northumbria as a place to study? 
.Friend's recommendation","Points - How important were the following factors in choosing Northumbria as a place to study? 
.Friend's recommendation","Feedback - How important were the following factors in choosing Northumbria as a place to study? 
.Friend's recommendation","How important were the following factors in choosing Northumbria as a place to study? 
.Teacher's recommendation","Points - How important were the following factors in choosing Northumbria as a place to study? 
.Teacher's recommendation","Feedback - How important were the following factors in choosing Northumbria as a place to study? 
.Teacher's recommendation","How important were the following factors in choosing Northumbria as a place to study? 
.Financial support from your government or employer","Points - How important were the following factors in choosing Northumbria as a place to study? 
.Financial support from your government or employer","Feedback - How important were the following factors in choosing Northumbria as a place to study? 
.Financial support from your government or employer","How important were the following factors in choosing Northumbria as a place to study? 
.Scholarship from the UK","Points - How important were the following factors in choosing Northumbria as a place to study? 
.Scholarship from the UK","Feedback - How important were the following factors in choosing Northumbria as a place to study? 
.Scholarship from the UK","How important were the following factors in choosing Northumbria as a place to study? 
.Advertisement for study in the UK","Points - How important were the following factors in choosing Northumbria as a place to study? 
.Advertisement for study in the UK","Feedback - How important were the following factors in choosing Northumbria as a place to study? 
.Advertisement for study in the UK","How important were the following factors in choosing Northumbria as a place to study? 
.Direct contact from Northumbria","Points - How important were the following factors in choosing Northumbria as a place to study? 
.Direct contact from Northumbria","Feedback - How important were the following factors in choosing Northumbria as a place to study? 
.Direct contact from Northumbria","How important were the following factors in choosing Northumbria as a place to study? 
.Internet information","Points - How important were the following factors in choosing Northumbria as a place to study? 
.Internet information","Feedback - How important were the following factors in choosing Northumbria as a place to study? 
.Internet information","How important were the following factors in choosing Northumbria as a place to study? 
.Family preference","Points - How important were the following factors in choosing Northumbria as a place to study? 
.Family preference","Feedback - How important were the following factors in choosing Northumbria as a place to study? 
.Family preference","How important were the following factors in choosing Northumbria as a place to study? 
.Own preference","Points - How important were the following factors in choosing Northumbria as a place to study? 
.Own preference","Feedback - How important were the following factors in choosing Northumbria as a place to study? 
.Own preference","How important were the following factors in choosing Northumbria as a place to study? 
.English speaking country","Points - How important were the following factors in choosing Northumbria as a place to study? 
.English speaking country","Feedback - How important were the following factors in choosing Northumbria as a place to study? 
.English speaking country","How important were the following factors in choosing Northumbria as a place to study? 
.Family member has studied in the UK","Points - How important were the following factors in choosing Northumbria as a place to study? 
.Family member has studied in the UK","Feedback - How important were the following factors in choosing Northumbria as a place to study? 
.Family member has studied in the UK","How important were the following factors in choosing Northumbria as a place to study? 
.Quality of education in the UK","Points - How important were the following factors in choosing Northumbria as a place to study? 
.Quality of education in the UK","Feedback - How important were the following factors in choosing Northumbria as a place to study? 
.Quality of education in the UK","How important were the following factors in choosing Northumbria as a place to study? 
.International recognition of UK qualifications","Points - How important were the following factors in choosing Northumbria as a place to study? 
.International recognition of UK qualifications","Feedback - How important were the following factors in choosing Northumbria as a place to study? 
.International recognition of UK qualifications","How important were the following factors in choosing Northumbria as a place to study? 
.Opportunity to get a job in the UK after graduation","Points - How important were the following factors in choosing Northumbria as a place to study? 
.Opportunity to get a job in the UK after graduation","Feedback - How important were the following factors in choosing Northumbria as a place to study? 
.Opportunity to get a job in the UK after graduation","How important were the following factors in choosing Northumbria as a place to study? 
.UK culture and lifestyle","Points - How important were the following factors in choosing Northumbria as a place to study? 
.UK culture and lifestyle","Feedback - How important were the following factors in choosing Northumbria as a place to study? 
.UK culture and lifestyle","How important were the following factors in choosing Northumbria as a place to study? 
.Was not possible to study in home country","Points - How important were the following factors in choosing Northumbria as a place to study? 
.Was not possible to study in home country","Feedback - How important were the following factors in choosing Northumbria as a place to study? 
.Was not possible to study in home country","How important were the following factors in choosing Northumbria as a place to study? 
.Was not possible to study in another country","Points - How important were the following factors in choosing Northumbria as a place to study? 
.Was not possible to study in another country","Feedback - How important were the following factors in choosing Northumbria as a place to study? 
.Was not possible to study in another country","How important were the following factors in choosing Northumbria as a place to study? 
.Cost","Points - How important were the following factors in choosing Northumbria as a place to study? 
.Cost","Feedback - How important were the following factors in choosing Northumbria as a place to study? 
.Cost","How important were the following factors in choosing Northumbria as a place to study? 
.Easy to get a visa","Points - How important were the following factors in choosing Northumbria as a place to study? 
.Easy to get a visa","Feedback - How important were the following factors in choosing Northumbria as a place to study? 
.Easy to get a visa",Points - How well do you think you are doing in your studies,Feedback - How well do you think you are doing in your studies,How well do you think you are doing in your studies.,Points - How well do you think you are doing in your studies.,Feedback - How well do you think you are doing in your studies.,How important is it to your family for you to do well in your studies?,Points - How important is it to your family for you to do well in your studies?,Feedback - How important is it to your family for you to do well in your studies?,Points - How satisfied are you with your progress so far in your studies,Feedback - How satisfied are you with your progress so far in your studies,How satisfied are you with your progress so far in your studies.,Points - How satisfied are you with your progress so far in your studies.,Feedback - How satisfied are you with your progress so far in your studies.,"Points - How much do you agree or disagree with the statement, 'I feel included in my class'","Feedback - How much do you agree or disagree with the statement, 'I feel included in my class'","How much do you agree or disagree with the statement, 'I feel included in my class'.","Points - How much do you agree or disagree with the statement, 'I feel included in my class'.","Feedback - How much do you agree or disagree with the statement, 'I feel included in my class'.",Points - How much do you agree or disagree with the following statements,Feedback - How much do you agree or disagree with the following statements,How much do you agree or disagree with the following statements.My lecturers encourage contact between international and local students,Points - How much do you agree or disagree with the following statements.My lecturers encourage contact between international and local students,Feedback - How much do you agree or disagree with the following statements.My lecturers encourage contact between international and local students,How much do you agree or disagree with the following statements.The content of my modules is useful for my future study or employment,Points - How much do you agree or disagree with the following statements.The content of my modules is useful for my future study or employment,Feedback - How much do you agree or disagree with the following statements.The content of my modules is useful for my future study or employment,How much do you agree or disagree with the following statements.My lecturers make special efforts to help international students,Points - How much do you agree or disagree with the following statements.My lecturers make special efforts to help international students,Feedback - How much do you agree or disagree with the following statements.My lecturers make special efforts to help international students,How much do you agree or disagree with the following statements.Cultural differences are respected at Northumbria,Points - How much do you agree or disagree with the following statements.Cultural differences are respected at Northumbria,Feedback - How much do you agree or disagree with the following statements.Cultural differences are respected at Northumbria,How much do you agree or disagree with the following statements.My lecturers understand the problems of international students,Points - How much do you agree or disagree with the following statements.My lecturers understand the problems of international students,Feedback - How much do you agree or disagree with the following statements.My lecturers understand the problems of international students,How much do you agree or disagree with the following statements.In my classes there is the opportunity for other students to learn about my culture,Points - How much do you agree or disagree with the following statements.In my classes there is the opportunity for other students to learn about my culture,Feedback - How much do you agree or disagree with the following statements.In my classes there is the opportunity for other students to learn about my culture,How much do you agree or disagree with the following statements.I feel included in my classes,Points - How much do you agree or disagree with the following statements.I feel included in my classes,Feedback - How much do you agree or disagree with the following statements.I feel included in my classes,How much do you agree or disagree with the following statements.My lecturers understand the cultural differences in learning styles,Points - How much do you agree or disagree with the following statements.My lecturers understand the cultural differences in learning styles,Feedback - How much do you agree or disagree with the following statements.My lecturers understand the cultural differences in learning styles,How much do you agree or disagree with the following statements.My classmates are accepting of cultural differences,Points - How much do you agree or disagree with the following statements.My classmates are accepting of cultural differences,Feedback - How much do you agree or disagree with the following statements.My classmates are accepting of cultural differences,How much do you agree or disagree with the following statements.Students from different cultural groups work well with each other in my classes,Points - How much do you agree or disagree with the following statements.Students from different cultural groups work well with each other in my classes,Feedback - How much do you agree or disagree with the following statements.Students from different cultural groups work well with each other in my classes,Points - How difficult are the following educational activities for you? (if the activity is not relevant select ‘not applicable’),Feedback - How difficult are the following educational activities for you? (if the activity is not relevant select ‘not applicable’),How difficult are the following educational activities for you? (if the activity is not relevant select ‘not applicable’).Understanding lecturers,Points - How difficult are the following educational activities for you? (if the activity is not relevant select ‘not applicable’).Understanding lecturers,Feedback - How difficult are the following educational activities for you? (if the activity is not relevant select ‘not applicable’).Understanding lecturers,How difficult are the following educational activities for you? (if the activity is not relevant select ‘not applicable’).Writing assignments,Points - How difficult are the following educational activities for you? (if the activity is not relevant select ‘not applicable’).Writing assignments,Feedback - How difficult are the following educational activities for you? (if the activity is not relevant select ‘not applicable’).Writing assignments,How difficult are the following educational activities for you? (if the activity is not relevant select ‘not applicable’).Taking notes in class,Points - How difficult are the following educational activities for you? (if the activity is not relevant select ‘not applicable’).Taking notes in class,Feedback - How difficult are the following educational activities for you? (if the activity is not relevant select ‘not applicable’).Taking notes in class,How difficult are the following educational activities for you? (if the activity is not relevant select ‘not applicable’).Completing assessments on time,Points - How difficult are the following educational activities for you? (if the activity is not relevant select ‘not applicable’).Completing assessments on time,Feedback - How difficult are the following educational activities for you? (if the activity is not relevant select ‘not applicable’).Completing assessments on time,How difficult are the following educational activities for you? (if the activity is not relevant select ‘not applicable’).Working on group activities,Points - How difficult are the following educational activities for you? (if the activity is not relevant select ‘not applicable’).Working on group activities,Feedback - How difficult are the following educational activities for you? (if the activity is not relevant select ‘not applicable’).Working on group activities,How difficult are the following educational activities for you? (if the activity is not relevant select ‘not applicable’).Making presentations in class,Points - How difficult are the following educational activities for you? (if the activity is not relevant select ‘not applicable’).Making presentations in class,Feedback - How difficult are the following educational activities for you? (if the activity is not relevant select ‘not applicable’).Making presentations in class,"How difficult are the following educational activities for you? (if the activity is not relevant select ‘not applicable’).Engaging in online discussions, e.g. Blackboard ","Points - How difficult are the following educational activities for you? (if the activity is not relevant select ‘not applicable’).Engaging in online discussions, e.g. Blackboard ","Feedback - How difficult are the following educational activities for you? (if the activity is not relevant select ‘not applicable’).Engaging in online discussions, e.g. Blackboard ",How difficult are the following educational activities for you? (if the activity is not relevant select ‘not applicable’).Managing your workload,Points - How difficult are the following educational activities for you? (if the activity is not relevant select ‘not applicable’).Managing your workload,Feedback - How difficult are the following educational activities for you? (if the activity is not relevant select ‘not applicable’).Managing your workload,How difficult are the following educational activities for you? (if the activity is not relevant select ‘not applicable’).Asking questions in class,Points - How difficult are the following educational activities for you? (if the activity is not relevant select ‘not applicable’).Asking questions in class,Feedback - How difficult are the following educational activities for you? (if the activity is not relevant select ‘not applicable’).Asking questions in class,How difficult are the following educational activities for you? (if the activity is not relevant select ‘not applicable’).Thinking critically,Points - How difficult are the following educational activities for you? (if the activity is not relevant select ‘not applicable’).Thinking critically,Feedback - How difficult are the following educational activities for you? (if the activity is not relevant select ‘not applicable’).Thinking critically,How difficult are the following educational activities for you? (if the activity is not relevant select ‘not applicable’).Expressing yourself (communicating) in English,Points - How difficult are the following educational activities for you? (if the activity is not relevant select ‘not applicable’).Expressing yourself (communicating) in English,Feedback - How difficult are the following educational activities for you? (if the activity is not relevant select ‘not applicable’).Expressing yourself (communicating) in English,How difficult are the following educational activities for you? (if the activity is not relevant select ‘not applicable’).Expressing (giving) your opinions to your lecturer,Points - How difficult are the following educational activities for you? (if the activity is not relevant select ‘not applicable’).Expressing (giving) your opinions to your lecturer,Feedback - How difficult are the following educational activities for you? (if the activity is not relevant select ‘not applicable’).Expressing (giving) your opinions to your lecturer,How difficult are the following educational activities for you? (if the activity is not relevant select ‘not applicable’).Studying in a different educational system,Points - How difficult are the following educational activities for you? (if the activity is not relevant select ‘not applicable’).Studying in a different educational system,Feedback - How difficult are the following educational activities for you? (if the activity is not relevant select ‘not applicable’).Studying in a different educational system,How difficult are the following educational activities for you? (if the activity is not relevant select ‘not applicable’).Understanding the referencing requirements at Northumbria (HARVARD),Points - How difficult are the following educational activities for you? (if the activity is not relevant select ‘not applicable’).Understanding the referencing requirements at Northumbria (HARVARD),Feedback - How difficult are the following educational activities for you? (if the activity is not relevant select ‘not applicable’).Understanding the referencing requirements at Northumbria (HARVARD),"Outside of class how do you prefer to ask questions of lecturers? 
","Points - Outside of class how do you prefer to ask questions of lecturers? 
","Feedback - Outside of class how do you prefer to ask questions of lecturers? 
",Is there anything relating to your studies you would like to share? for instance you can elaborate on any of the answers you have provided above.,Points - Is there anything relating to your studies you would like to share? for instance you can elaborate on any of the answers you have provided above.,Feedback - Is there anything relating to your studies you would like to share? for instance you can elaborate on any of the answers you have provided above.,"If you wish to participate in a focus group later in the academic year to further discuss this project please enter you email address below.
","Points - If you wish to participate in a focus group later in the academic year to further discuss this project please enter you email address below.
","Feedback - If you wish to participate in a focus group later in the academic year to further discuss this project please enter you email address below.
"
1,2/16/2023 10:06,2/16/2023 10:07,,,,,0,,,0,,,0,,,0,,,0,,,0,,,0,,,0,,,0,,0,,,0,,,0,,,0,,,0,,,0,,,0,,,0,,0,,,0,,,0,,,0,,,0,,,0,,,0,,,0,,,0,,,0,,,0,,,0,,,0,,,0,,,0,,,0,,,0,,,0,,,0,,,0,,,0,,0,,,0,,,0,,0,,,0,,0,,,0,,0,,,0,,,0,,,0,,,0,,,0,,,0,,,0,,,0,,,0,,,0,,0,,,0,,,0,,,0,,,0,,,0,,,0,,,0,,,0,,,0,,,0,,,0,,,0,,,0,,,0,,,0,,,0,,,0,
2,3/6/2023 10:38,3/6/2023 10:49,,,,India,0,,University,0,,Yes,0,,Computer Science ,0,,1.5 months,0,,16 months,0,,Yes,0,,,0,,Bengali,0,,0,,Excellent,0,,Good ,0,,Good ,0,,Good ,0,,Good ,0,,,0,,Yes,0,,0,,Moderately,0,,Not applicable,0,,Not applicable,0,,Not applicable,0,,A little ,0,,A little ,0,,Not at all ,0,,Very,0,,Moderately,0,,Very,0,,Extremely,0,,Not at all ,0,,Extremely,0,,Extremely,0,,Extremely,0,,Very,0,,Not at all ,0,,Not at all ,0,,Moderately,0,,Moderately,0,,0,,Average,0,,Somewhat important,0,,0,,Somewhat dissatisfied,0,,0,,Agree,0,,0,,Mildly agree,0,,Strongly agree,0,,Neutral,0,,Mildly disagree,0,,Mildly disagree,0,,Mildly agree,0,,Mildly disagree,0,,Neutral,0,,Strongly agree,0,,Mildly disagree,0,,0,,Not at all,0,,Moderately,0,,Not at all,0,,Very,0,,Slightly (a little),0,,Moderately,0,,Not at all,0,,Very,0,,Not at all,0,,Slightly (a little),0,,Slightly (a little),0,,Slightly (a little),0,,Very,0,,Slightly (a little),0,,Via email;,0,,,0,,,0,
3,3/6/2023 10:39,3/6/2023 10:51,,,,Myanmar,0,,University,0,,Yes,0,,MSc Computer Science,0,,2 months,0,,16 months,0,,Yes,0,,"I have studied Bachelor Degree of English Literature at East Yangon University from 2013 to 2016 with distance learning. In addition, I studied Level 4 and Level 5 diploma in Computing which is given by NCC Education at KMD Institute. I graduated with BSc (Hons) Computing and Information System which is given by the university of Greenwich in 2022. The degree is given by Greenwich but i have studied it in my home country, Myanmar. ",0,,Myanmar ,0,,0,,Average,0,,Average,0,,Average,0,,Average,0,,Average,0,,No,0,,Yes,0,,0,,Moderately,0,,,0,,Moderately,0,,Not at all ,0,,Not at all ,0,,Not at all ,0,,Not at all ,0,,A little ,0,,Not at all ,0,,Extremely,0,,Extremely,0,,Not at all ,0,,Extremely,0,,Extremely,0,,Moderately,0,,Very,0,,Not at all ,0,,Not at all ,0,,Not at all ,0,,Not at all ,0,,0,,Average,0,,Neutral,0,,0,,Somewhat satisfied,0,,0,,Agree,0,,0,,Neutral,0,,Neutral,0,,Strongly agree,0,,Strongly agree,0,,Strongly agree,0,,Strongly agree,0,,Neutral,0,,Strongly agree,0,,Neutral,0,,Neutral,0,,0,,Moderately,0,,Moderately,0,,Moderately,0,,Moderately,0,,Moderately,0,,Moderately,0,,Very,0,,Moderately,0,,Moderately,0,,Moderately,0,,Slightly (a little),0,,Slightly (a little),0,,Very,0,,Very,0,,In person;Via email;,0,,not yet,0,,,0,
4,3/6/2023 10:38,3/6/2023 10:52,,,,India,0,,College,0,,No,0,,computer science,0,,2,0,,2 Years,0,,Yes,0,,,0,,english,0,,0,,Excellent,0,,Good ,0,,Excellent,0,,Good ,0,,Good ,0,,no,0,,Yes,0,,0,,Moderately,0,,A little ,0,,A little ,0,,Not at all ,0,,Very,0,,A little ,0,,A little ,0,,Extremely,0,,A little ,0,,Extremely,0,,Extremely,0,,Not at all ,0,,Extremely,0,,Extremely,0,,Extremely,0,,Extremely,0,,Not at all ,0,,Not at all ,0,,Very,0,,A little ,0,,0,,Average,0,,Extremely important,0,,0,,Somewhat satisfied,0,,0,,Neither agree nor disagree,0,,0,,Mildly agree,0,,Mildly disagree,0,,Mildly agree,0,,Strongly agree,0,,Mildly agree,0,,Strongly agree,0,,Neutral,0,,Mildly agree,0,,Neutral,0,,Strongly agree,0,,0,,Extremely,0,,Extremely,0,,Slightly (a little),0,,Extremely,0,,Moderately,0,,Moderately,0,,Moderately,0,,Slightly (a little),0,,Slightly (a little),0,,Extremely,0,,Extremely,0,,Extremely,0,,Moderately,0,,Moderately,0,,In person;,0,,,0,,,0,
5,3/6/2023 10:47,3/6/2023 11:07,,,,Nigeria 🇳🇬,0,,University,0,,No,0,,Msc computer science ,0,,2months ,0,,16 months,0,,Yes,0,,,0,,Yoruba ,0,,0,,Average,0,,Average,0,,Average,0,,Average,0,,Average,0,,No,0,,Yes,0,,0,,Not at all ,0,,Moderately,0,,Very,0,,,0,,Moderately,0,,A little ,0,,Moderately,0,,Extremely,0,,Moderately,0,,Extremely,0,,Very,0,,Moderately,0,,Extremely,0,,,0,,Moderately,0,,Moderately,0,,Not at all ,0,,Not at all ,0,,Extremely,0,,Extremely,0,,0,,Average,0,,Extremely important,0,,0,,Somewhat dissatisfied,0,,0,,Agree,0,,0,,Neutral,0,,Strongly agree,0,,Neutral,0,,Neutral,0,,Strongly disagree,0,,Mildly disagree,0,,Mildly disagree,0,,Strongly disagree,0,,Neutral,0,,Neutral,0,,0,,Not applicable,0,,Slightly (a little),0,,Moderately,0,,Moderately,0,,Moderately,0,,Moderately,0,,Not at all,0,,Slightly (a little),0,,Moderately,0,,Moderately,0,,Moderately,0,,Moderately,0,,Extremely,0,,Moderately,0,,In person;,0,,,0,,,0,
6,3/6/2023 11:02,3/6/2023 11:09,,,,Kenya,0,,University,0,,No,0,,MSc Computer Science,0,,7,0,,12 months,0,,Yes,0,,,0,,Maasai,0,,0,,Excellent,0,,Excellent,0,,Excellent,0,,Excellent,0,,Excellent,0,,No,0,,Yes,0,,0,,Not applicable,0,,Not applicable,0,,Not applicable,0,,Not applicable,0,,Not applicable,0,,A little ,0,,Not at all ,0,,Very,0,,Not at all ,0,,Very,0,,Extremely,0,,Not at all ,0,,Very,0,,Very,0,,Extremely,0,,Very,0,,Not at all ,0,,Not at all ,0,,Very,0,,Extremely,0,,0,,Good,0,,Extremely important,0,,0,,Somewhat satisfied,0,,0,,Agree,0,,0,,Mildly disagree,0,,Mildly disagree,0,,Neutral,0,,Strongly agree,0,,Mildly agree,0,,Mildly disagree,0,,Strongly agree,0,,Mildly disagree,0,,Strongly agree,0,,Mildly disagree,0,,0,,Slightly (a little),0,,Moderately,0,,Not at all,0,,Slightly (a little),0,,Slightly (a little),0,,Slightly (a little),0,,Slightly (a little),0,,Slightly (a little),0,,Moderately,0,,Not at all,0,,Not at all,0,,Not at all,0,,Slightly (a little),0,,Slightly (a little),0,,Via email;,0,,,0,,,0,
7,3/6/2023 11:01,3/6/2023 11:12,,,,India ,0,,University,0,,No,0,,Msc computer science with advance practice ,0,,2,0,,2 Years,0,,Yes,0,,,0,,Telugu,0,,0,,Excellent,0,,Excellent,0,,Excellent,0,,Good ,0,,Excellent,0,,No,0,,Yes,0,,0,,Not applicable,0,,Not applicable,0,,A little ,0,,A little ,0,,Very,0,,Not applicable,0,,Very,0,,Extremely,0,,Very,0,,Extremely,0,,Extremely,0,,Not at all ,0,,Very,0,,Very,0,,Extremely,0,,Moderately,0,,Not at all ,0,,Very,0,,Extremely,0,,Moderately,0,,0,,Good,0,,Extremely important,0,,0,,Very satisfied,0,,0,,Agree,0,,0,,Strongly agree,0,,Strongly agree,0,,Strongly agree,0,,Strongly agree,0,,Strongly agree,0,,Strongly agree,0,,Strongly agree,0,,Strongly agree,0,,Strongly agree,0,,Strongly agree,0,,0,,Slightly (a little),0,,Very,0,,Very,0,,Extremely,0,,Extremely,0,,Extremely,0,,Extremely,0,,Extremely,0,,Moderately,0,,Very,0,,Extremely,0,,Extremely,0,,Very,0,,Moderately,0,,Via email;Via Blackboard FAQ;,0,,,0,,,0,
8,3/6/2023 10:54,3/6/2023 11:13,,,,Nigeria,0,,University,0,,No,0,,Computer science ,0,,2,0,,16 months,0,,Yes,0,,,0,,English,0,,0,,Excellent,0,,Good ,0,,Good ,0,,Good ,0,,Average,0,,,0,,Yes,0,,0,,Moderately,0,,Moderately,0,,,0,,Not at all ,0,,Moderately,0,,,0,,,0,,Very,0,,,0,,Extremely,0,,Very,0,,,0,,,0,,Extremely,0,,Moderately,0,,,0,,,0,,,0,,Not at all ,0,,A little ,0,,0,,Average,0,,Somewhat important,0,,0,,Somewhat satisfied,0,,0,,Agree,0,,0,,Strongly agree,0,,Strongly agree,0,,,0,,Strongly agree,0,,Mildly disagree,0,,Neutral,0,,Mildly disagree,0,,,0,,Strongly agree,0,,Strongly agree,0,,0,,Moderately,0,,Slightly (a little),0,,,0,,,0,,Extremely,0,,,0,,,0,,,0,,,0,,,0,,,0,,,0,,,0,,,0,,Via email;In person;Telephone;Via Blackboard FAQ;Via MS Teams;Guidance Tutor meetings;,0,,,0,,,0,
9,3/6/2023 12:28,3/6/2023 12:36,,,,INDIA,0,,University,0,,No,0,,MSc in Computer Science with Advanced Practice ,0,,2 months,0,,2 Years,0,,Yes,0,,,0,,Tamil,0,,0,,Good ,0,,Good ,0,,Good ,0,,Good ,0,,Good ,0,,NO,0,,Yes,0,,0,,Moderately,0,,Very,0,,Very,0,,Extremely,0,,Extremely,0,,Moderately,0,,Very,0,,Extremely,0,,Very,0,,Extremely,0,,Very,0,,Moderately,0,,Extremely,0,,Extremely,0,,Extremely,0,,Extremely,0,,A little ,0,,A little ,0,,Extremely,0,,Extremely,0,,0,,Good,0,,Neutral,0,,0,,Somewhat satisfied,0,,0,,Neither agree nor disagree,0,,0,,Mildly agree,0,,Mildly disagree,0,,Neutral,0,,Strongly agree,0,,Mildly agree,0,,Strongly agree,0,,Neutral,0,,Neutral,0,,Mildly disagree,0,,Strongly agree,0,,0,,Slightly (a little),0,,Moderately,0,,Not at all,0,,Very,0,,Slightly (a little),0,,Slightly (a little),0,,Not at all,0,,Slightly (a little),0,,Moderately,0,,Moderately,0,,Not at all,0,,Not at all,0,,Moderately,0,,Not at all,0,,In person;Via email;Via MS Teams;,0,,Sample assessment papers for Assessments can be given for better understanding of what is required and what should be done even though all the guidance is given.,0,,,0,
10,3/6/2023 13:12,3/6/2023 13:26,,,,Nigeria,0,,University,0,,No,0,,Computer Science,0,,14,0,,16 months,0,,Yes,0,,,0,,Yoruba,0,,0,,Excellent,0,,Excellent,0,,Excellent,0,,Excellent,0,,Excellent,0,,,0,,Yes,0,,0,,Extremely,0,,Not applicable,0,,Not applicable,0,,Not applicable,0,,Not applicable,0,,Not applicable,0,,Not applicable,0,,Not at all ,0,,Extremely,0,,Not at all ,0,,Moderately,0,,Not at all ,0,,Extremely,0,,Extremely,0,,Extremely,0,,Not at all ,0,,Not at all ,0,,Extremely,0,,A little ,0,,Not at all ,0,,0,,Excellent,0,,Extremely important,0,,0,,Somewhat satisfied,0,,0,,Neither agree nor disagree,0,,0,,Neutral,0,,Strongly agree,0,,Neutral,0,,Neutral,0,,Strongly agree,0,,Mildly agree,0,,Strongly agree,0,,Mildly agree,0,,Mildly disagree,0,,Mildly disagree,0,,0,,Slightly (a little),0,,Slightly (a little),0,,Slightly (a little),0,,Moderately,0,,Slightly (a little),0,,Not at all,0,,Not at all,0,,Slightly (a little),0,,Not at all,0,,Not at all,0,,Not at all,0,,Not at all,0,,Not at all,0,,Not at all,0,,In person;Via email;Telephone;Via Blackboard FAQ;Via MS Teams;Guidance Tutor meetings;,0,,,0,,,0,
11,3/6/2023 15:21,3/6/2023 15:33,,,,Nigeria,0,,University,0,,No,0,,Computer Science,0,,6,0,,12 months,0,,Yes,0,,,0,,English,0,,0,,Excellent,0,,Good ,0,,Excellent,0,,Good ,0,,Good ,0,,,0,,Yes,0,,0,,Not applicable,0,,Not applicable,0,,Not applicable,0,,Not applicable,0,,Not applicable,0,,Not applicable,0,,Not applicable,0,,Extremely,0,,Extremely,0,,Extremely,0,,Extremely,0,,Not applicable,0,,Moderately,0,,Extremely,0,,Extremely,0,,Not at all ,0,,Not at all ,0,,Not at all ,0,,Not at all ,0,,Extremely,0,,0,,Good,0,,Extremely important,0,,0,,Somewhat dissatisfied,0,,0,,Neither agree nor disagree,0,,0,,Neutral,0,,Mildly disagree,0,,Mildly agree,0,,Mildly disagree,0,,Neutral,0,,Mildly agree,0,,Neutral,0,,Neutral,0,,Mildly disagree,0,,Neutral,0,,0,,Not at all,0,,Not applicable,0,,Not at all,0,,Moderately,0,,Slightly (a little),0,,Moderately,0,,Not at all,0,,Moderately,0,,Slightly (a little),0,,Not at all,0,,Not at all,0,,Not at all,0,,Not at all,0,,Not at all,0,,Via email;,0,,,0,,,0,
12,3/6/2023 18:55,3/6/2023 19:07,,,,Czech Republic,0,,other,0,,No,0,,Computer Science,0,,4 years,0,,16 months,0,,,0,,,0,,Czech,0,,0,,Good ,0,,Good ,0,,Good ,0,,Average,0,,Average,0,,,0,,Yes,0,,0,,Very,0,,Not applicable,0,,Not applicable,0,,Not applicable,0,,Very,0,,A little ,0,,Not applicable,0,,Moderately,0,,Not at all ,0,,Moderately,0,,Extremely,0,,Not applicable,0,,Very,0,,Very,0,,Very,0,,Very,0,,Not at all ,0,,Not at all ,0,,Moderately,0,,Moderately,0,,0,,Good,0,,Somewhat important,0,,0,,Somewhat satisfied,0,,0,,Neither agree nor disagree,0,,0,,Neutral,0,,Mildly agree,0,,Neutral,0,,Mildly agree,0,,Mildly disagree,0,,Mildly disagree,0,,Neutral,0,,Mildly disagree,0,,Mildly agree,0,,Neutral,0,,0,,Slightly (a little),0,,Moderately,0,,Not at all,0,,Slightly (a little),0,,Slightly (a little),0,,Very,0,,Moderately,0,,Slightly (a little),0,,Slightly (a little),0,,Slightly (a little),0,,Slightly (a little),0,,Slightly (a little),0,,Slightly (a little),0,,Slightly (a little),0,,In person;Via email;,0,,,0,,,0,
13,3/6/2023 23:15,3/6/2023 23:30,,,,Sri Lanka,0,,University,0,,Yes,0,,Computer Science,0,,6,0,,16 months,0,,Yes,0,,,0,,Sinhala,0,,0,,Average,0,,Average,0,,Average,0,,Average,0,,Average,0,,No,0,,Yes,0,,0,,Moderately,0,,Very,0,,Very,0,,Not at all ,0,,Not at all ,0,,Moderately,0,,Extremely,0,,Very,0,,A little ,0,,Very,0,,Very,0,,Not at all ,0,,Extremely,0,,Extremely,0,,Very,0,,Extremely,0,,A little ,0,,Not at all ,0,,Moderately,0,,Moderately,0,,0,,Excellent,0,,Extremely important,0,,0,,Very satisfied,0,,0,,Agree,0,,0,,Neutral,0,,Strongly agree,0,,Neutral,0,,Neutral,0,,Mildly agree,0,,Neutral,0,,Mildly agree,0,,Mildly agree,0,,Neutral,0,,Strongly agree,0,,0,,Slightly (a little),0,,Slightly (a little),0,,Slightly (a little),0,,Moderately,0,,Slightly (a little),0,,Slightly (a little),0,,Slightly (a little),0,,Moderately,0,,Not at all,0,,Slightly (a little),0,,Moderately,0,,Moderately,0,,Slightly (a little),0,,Slightly (a little),0,,Via email;Via MS Teams;Via Blackboard FAQ;,0,,,0,,,0,
14,3/8/2023 5:14,3/8/2023 5:23,,,,Nigeria,0,,University,0,,No,0,,Computer Science,0,,14,0,,16 months,0,,Yes,0,,,0,,English and Ibo,0,,0,,Excellent,0,,Excellent,0,,Excellent,0,,Excellent,0,,Excellent,0,,No,0,,Yes,0,,0,,Extremely,0,,Very,0,,Not at all ,0,,Not at all ,0,,Not at all ,0,,Not at all ,0,,Not at all ,0,,Not at all ,0,,Not at all ,0,,Moderately,0,,Extremely,0,,Not at all ,0,,Very,0,,Very,0,,Extremely,0,,Moderately,0,,Not at all ,0,,Not at all ,0,,Not at all ,0,,Extremely,0,,0,,Good,0,,Extremely important,0,,0,,Somewhat satisfied,0,,0,,Neither agree nor disagree,0,,0,,Mildly disagree,0,,Neutral,0,,Mildly disagree,0,,Strongly agree,0,,Neutral,0,,Neutral,0,,Neutral,0,,Neutral,0,,Neutral,0,,Neutral,0,,0,,Moderately,0,,Moderately,0,,Moderately,0,,Slightly (a little),0,,Moderately,0,,Not applicable,0,,Moderately,0,,Moderately,0,,Moderately,0,,Moderately,0,,Not at all,0,,Not at all,0,,Moderately,0,,Moderately,0,,Via email;In person;Via Blackboard FAQ;Via MS Teams;Guidance Tutor meetings;,0,,no,0,,,0,
15,3/8/2023 10:22,3/8/2023 10:47,,,,Sri Lanka,0,,University,0,,No,0,,Computer Science,0,,2,0,,16 months,0,,Yes,0,,,0,,Sinhala,0,,0,,Good ,0,,Good ,0,,Good ,0,,Good ,0,,Good ,0,,No,0,,Yes,0,,0,,Extremely,0,,Very,0,,Very,0,,Not applicable,0,,Very,0,,Moderately,0,,Not applicable,0,,Extremely,0,,Very,0,,Very,0,,Extremely,0,,Very,0,,Extremely,0,,Extremely,0,,Extremely,0,,Extremely,0,,Not applicable,0,,Not applicable,0,,Very,0,,Very,0,,0,,Good,0,,Extremely important,0,,0,,Very satisfied,0,,0,,Agree,0,,0,,Mildly agree,0,,Strongly agree,0,,Mildly agree,0,,Strongly agree,0,,Mildly agree,0,,Neutral,0,,Strongly agree,0,,Strongly agree,0,,Strongly agree,0,,Strongly agree,0,,0,,Not at all,0,,Not at all,0,,Not at all,0,,Not at all,0,,Slightly (a little),0,,Slightly (a little),0,,Slightly (a little),0,,Not at all,0,,Not at all,0,,Slightly (a little),0,,Slightly (a little),0,,Slightly (a little),0,,Not at all,0,,Slightly (a little),0,,Via email;Via MS Teams;In person;,0,,,0,,,0,
16,3/8/2023 12:44,3/8/2023 12:53,,,,Bangladesh,0,,University,0,,Yes,0,,Computer Science with Advance Practice,0,,2,0,,2 Years,0,,Yes,0,,,0,,Bangla,0,,0,,Excellent,0,,Good ,0,,Excellent,0,,Average,0,,Good ,0,,No,0,,No,0,,0,,Not at all ,0,,Moderately,0,,Not applicable,0,,Not at all ,0,,Not at all ,0,,Not at all ,0,,Moderately,0,,Very,0,,Moderately,0,,Not at all ,0,,Extremely,0,,Not at all ,0,,Very,0,,Very,0,,Not at all ,0,,Moderately,0,,Moderately,0,,Not at all ,0,,A little ,0,,Extremely,0,,0,,Good,0,,Extremely important,0,,0,,Somewhat satisfied,0,,0,,Neither agree nor disagree,0,,0,,Neutral,0,,Strongly agree,0,,Neutral,0,,Mildly agree,0,,Mildly disagree,0,,Mildly disagree,0,,Mildly agree,0,,Mildly disagree,0,,Mildly agree,0,,Mildly agree,0,,0,,Slightly (a little),0,,Extremely,0,,Not at all,0,,Moderately,0,,Not at all,0,,Not at all,0,,Not at all,0,,Not at all,0,,Extremely,0,,Moderately,0,,Very,0,,Very,0,,Extremely,0,,Extremely,0,,Via email;In person;Guidance Tutor meetings;,0,,There should be more engaging classes for technical modules. Group activities with tutors and more understandable lecture,0,,,0,
17,3/8/2023 22:55,3/8/2023 22:59,,,,INDIA,0,,College,0,,No,0,,MSc in computer science with advanced practice,0,,2 years,0,,2 Years,0,,Yes,0,,under graduation,0,,telugu,0,,0,,Excellent,0,,Excellent,0,,Excellent,0,,Excellent,0,,Excellent,0,,no,0,,Yes,0,,0,,A little ,0,,Extremely,0,,Moderately,0,,Very,0,,Extremely,0,,Moderately,0,,Very,0,,Moderately,0,,Extremely,0,,Moderately,0,,Very,0,,Very,0,,Moderately,0,,Very,0,,Extremely,0,,Moderately,0,,Very,0,,Extremely,0,,Very,0,,Moderately,0,,0,,Excellent,0,,Extremely important,0,,0,,Very satisfied,0,,0,,Strongly agree,0,,0,,Strongly agree,0,,Strongly agree,0,,Mildly agree,0,,Strongly agree,0,,Mildly agree,0,,Strongly agree,0,,Mildly agree,0,,Strongly agree,0,,Strongly agree,0,,Mildly agree,0,,0,,Not at all,0,,Slightly (a little),0,,Slightly (a little),0,,Not at all,0,,Slightly (a little),0,,Slightly (a little),0,,Not at all,0,,Slightly (a little),0,,Not at all,0,,Not at all,0,,Slightly (a little),0,,Not at all,0,,Slightly (a little),0,,Not at all,0,,Via email;,0,,no,0,,,0,
18,3/9/2023 9:47,3/9/2023 11:43,,,,Nigeria,0,,University,0,,Yes,0,,Information science and data analytics,0,,7months,0,,12 months,0,,Yes,0,,,0,,Physics electronics,0,,0,,Excellent,0,,Excellent,0,,Excellent,0,,Excellent,0,,Excellent,0,,no,0,,Yes,0,,0,,Not at all ,0,,Very,0,,Not at all ,0,,Not at all ,0,,Not applicable,0,,Not at all ,0,,Not at all ,0,,Not at all ,0,,Not at all ,0,,A little ,0,,A little ,0,,Not at all ,0,,Moderately,0,,Moderately,0,,Moderately,0,,Moderately,0,,A little ,0,,A little ,0,,A little ,0,,A little ,0,,0,,Good,0,,Extremely important,0,,0,,Neither satisfied nor dissatisfied,0,,0,,Agree,0,,0,,Mildly disagree,0,,Strongly disagree,0,,Neutral,0,,Mildly disagree,0,,Strongly disagree,0,,Strongly disagree,0,,Mildly agree,0,,Mildly disagree,0,,Mildly disagree,0,,Strongly disagree,0,,0,,Not applicable,0,,Extremely,0,,Not applicable,0,,Extremely,0,,Extremely,0,,Moderately,0,,Moderately,0,,Very,0,,Moderately,0,,Moderately,0,,Slightly (a little),0,,Slightly (a little),0,,Slightly (a little),0,,Very,0,,Via email;,0,,"I would like the module for information and data analytics be more practical rather than just doing research work. As this builds students well in the job market. Also, the modules are way too elementary and mostly for beginner level. For a masters' level programme, varieties of soft tools should be used and work on real life scenario. Also, visualization aspect should be treated on this course as it is serves as a management skill when it comes to analysis in data.",0,,,0,
19,3/9/2023 18:33,3/9/2023 18:43,,,,India ,0,,College,0,,Yes,0,,Information Science Data Analytics ,0,,7,0,,12 months,0,,Yes,0,,,0,,Malayalam ,0,,0,,Excellent,0,,Good ,0,,Excellent,0,,Good ,0,,Good ,0,,No,0,,Yes,0,,0,,Not at all ,0,,A little ,0,,Not at all ,0,,Not at all ,0,,Not at all ,0,,Not at all ,0,,Moderately,0,,Very,0,,Not at all ,0,,Extremely,0,,Moderately,0,,Not at all ,0,,Very,0,,Very,0,,Moderately,0,,Moderately,0,,Moderately,0,,Moderately,0,,A little ,0,,Not at all ,0,,0,,Good,0,,Extremely important,0,,0,,Somewhat satisfied,0,,0,,Agree,0,,0,,Mildly agree,0,,Mildly agree,0,,Mildly agree,0,,Mildly agree,0,,Mildly agree,0,,Mildly agree,0,,Strongly agree,0,,Mildly agree,0,,Mildly agree,0,,Mildly agree,0,,0,,Slightly (a little),0,,Slightly (a little),0,,Slightly (a little),0,,Slightly (a little),0,,Not applicable,0,,Slightly (a little),0,,Moderately,0,,Slightly (a little),0,,Slightly (a little),0,,Slightly (a little),0,,Slightly (a little),0,,Slightly (a little),0,,Slightly (a little),0,,Not at all,0,,Via email;,0,,,0,,,0,
20,3/9/2023 20:25,3/9/2023 20:31,,,,India,0,,College,0,,Yes,0,,MSc. Information Science( Data Analytics),0,,6 months,0,,12 months,0,,Yes,0,,N/A,0,,Malayalam,0,,0,,Excellent,0,,Excellent,0,,Excellent,0,,Good ,0,,Good ,0,,NO,0,,Yes,0,,0,,Not at all ,0,,Moderately,0,,Not applicable,0,,Not applicable,0,,Extremely,0,,Moderately,0,,Not applicable,0,,Extremely,0,,Not applicable,0,,Extremely,0,,Extremely,0,,Not applicable,0,,Very,0,,Very,0,,Very,0,,Very,0,,Not at all ,0,,Not at all ,0,,Very,0,,Very,0,,0,,Average,0,,Extremely important,0,,0,,Neither satisfied nor dissatisfied,0,,0,,Agree,0,,0,,Mildly disagree,0,,Neutral,0,,Strongly agree,0,,Strongly agree,0,,Mildly agree,0,,Strongly disagree,0,,Mildly agree,0,,Mildly agree,0,,Mildly agree,0,,Neutral,0,,0,,Slightly (a little),0,,Very,0,,Moderately,0,,Moderately,0,,Very,0,,Slightly (a little),0,,Not at all,0,,Moderately,0,,Slightly (a little),0,,Moderately,0,,Not at all,0,,Not at all,0,,Very,0,,Very,0,,Via email;,0,,,0,,,0,
21,3/10/2023 2:16,3/10/2023 2:27,,,,Nigeria,0,,University,0,,No,0,,Information science(Data Analytics),0,,5 months,0,,2 Years,0,,Yes,0,,"Nigeria , B.sc Computer Science",0,,English,0,,0,,Good ,0,,Excellent,0,,Good ,0,,Good ,0,,Good ,0,,No,0,,Yes,0,,0,,Moderately,0,,Extremely,0,,Not applicable,0,,Not at all ,0,,Very,0,,A little ,0,,A little ,0,,Not applicable,0,,Very,0,,,0,,Very,0,,A little ,0,,Not applicable,0,,Very,0,,Extremely,0,,Not applicable,0,,A little ,0,,A little ,0,,A little ,0,,Moderately,0,,0,,Average,0,,Extremely important,0,,0,,Neither satisfied nor dissatisfied,0,,0,,Neither agree nor disagree,0,,0,,Mildly agree,0,,Strongly agree,0,,Mildly agree,0,,Strongly agree,0,,Strongly agree,0,,Mildly agree,0,,Mildly agree,0,,Mildly agree,0,,Mildly agree,0,,Mildly agree,0,,0,,Moderately,0,,Moderately,0,,Moderately,0,,Very,0,,Moderately,0,,Very,0,,Very,0,,Very,0,,Very,0,,Very,0,,Very,0,,Very,0,,Extremely,0,,Extremely,0,,In person;Via email;Guidance Tutor meetings;,0,,"During workshop, lectures should try to make all students understand before moving forward.",0,,,0,
22,3/10/2023 14:20,3/10/2023 14:29,,,,India,0,,University,0,,Yes,0,,Information Science (Data Analytics),0,,7,0,,12 months,0,,No,0,,Msc International Sports Management from Northumbria University,0,,Hindi,0,,0,,Excellent,0,,Good ,0,,Excellent,0,,Good ,0,,Good ,0,,,0,,Yes,0,,0,,A little ,0,,Not applicable,0,,Not applicable,0,,Not applicable,0,,Not applicable,0,,Not at all ,0,,Not applicable,0,,Moderately,0,,Very,0,,Very,0,,Extremely,0,,Not applicable,0,,Very,0,,Very,0,,Very,0,,Very,0,,Moderately,0,,Not at all ,0,,Very,0,,Moderately,0,,0,,Good,0,,Extremely important,0,,0,,Very satisfied,0,,0,,Agree,0,,0,,Mildly disagree,0,,Mildly agree,0,,Strongly agree,0,,Strongly agree,0,,Strongly agree,0,,Neutral,0,,Mildly agree,0,,Mildly agree,0,,Neutral,0,,Mildly agree,0,,0,,Slightly (a little),0,,Moderately,0,,Not at all,0,,Slightly (a little),0,,Not at all,0,,Not at all,0,,Not at all,0,,Very,0,,Slightly (a little),0,,Slightly (a little),0,,Not at all,0,,Not at all,0,,Moderately,0,,Slightly (a little),0,,In person;Via email;,0,,,0,,,0,
23,3/13/2023 13:27,3/13/2023 13:35,,,,NIGERIA,0,,University,0,,No,0,,INFORMATION SCIENCE/DATA ANALYTICS,0,,4,0,,16 months,0,,Yes,0,,,0,,IGBO,0,,0,,Excellent,0,,Excellent,0,,Excellent,0,,Excellent,0,,Excellent,0,,,0,,No,0,,0,,A little ,0,,Extremely,0,,Not at all ,0,,Not applicable,0,,Not applicable,0,,Moderately,0,,A little ,0,,Very,0,,Not at all ,0,,Very,0,,Extremely,0,,Not at all ,0,,Very,0,,Very,0,,Very,0,,Moderately,0,,Not at all ,0,,Not at all ,0,,Moderately,0,,Moderately,0,,0,,Good,0,,Extremely important,0,,0,,Somewhat satisfied,0,,0,,Agree,0,,0,,Mildly agree,0,,Mildly agree,0,,Mildly agree,0,,Mildly agree,0,,Mildly agree,0,,Mildly agree,0,,Mildly agree,0,,Mildly agree,0,,Mildly agree,0,,Neutral,0,,0,,Not at all,0,,Moderately,0,,Slightly (a little),0,,Moderately,0,,Moderately,0,,Slightly (a little),0,,Slightly (a little),0,,Moderately,0,,Not at all,0,,Slightly (a little),0,,Not at all,0,,Not at all,0,,Not at all,0,,Not at all,0,,Via email;Via Blackboard FAQ;,0,,,0,,,0,
24,3/22/2023 10:04,3/22/2023 10:11,,,,India,0,,College,0,,Yes,0,,Computer Science,0,,13,0,,16 months,0,,Yes,0,,,0,,English,0,,0,,Excellent,0,,Good ,0,,Good ,0,,Good ,0,,Good ,0,,No,0,,Yes,0,,0,,Not at all ,0,,Not at all ,0,,Not at all ,0,,Not at all ,0,,Not at all ,0,,Not at all ,0,,Not at all ,0,,Moderately,0,,A little ,0,,Very,0,,A little ,0,,Moderately,0,,Very,0,,Moderately,0,,Moderately,0,,A little ,0,,Not at all ,0,,Not at all ,0,,A little ,0,,Not at all ,0,,0,,Good,0,,Extremely important,0,,0,,Very satisfied,0,,0,,Agree,0,,0,,Mildly agree,0,,Mildly agree,0,,Mildly agree,0,,Strongly agree,0,,Strongly agree,0,,Strongly agree,0,,Mildly agree,0,,Mildly agree,0,,Mildly agree,0,,Strongly agree,0,,0,,Not at all,0,,Slightly (a little),0,,Slightly (a little),0,,Slightly (a little),0,,Slightly (a little),0,,Not at all,0,,Not at all,0,,Not at all,0,,Not at all,0,,Not at all,0,,Not at all,0,,Not at all,0,,Slightly (a little),0,,Slightly (a little),0,,Via email;Guidance Tutor meetings;,0,,,0,,,0,
25,3/22/2023 10:06,3/22/2023 10:18,,,,Pakistan ,0,,University,0,,Yes,0,,Computer science with advance practices,0,,Six,0,,2 Years,0,,Yes,0,,,0,,Urdu,0,,0,,Good ,0,,Good ,0,,Good ,0,,Good ,0,,Good ,0,,No,0,,Yes,0,,0,,Moderately,0,,Extremely,0,,Extremely,0,,Very,0,,Very,0,,Very,0,,Very,0,,Extremely,0,,Extremely,0,,Extremely,0,,Extremely,0,,Very,0,,Extremely,0,,Extremely,0,,Extremely,0,,Extremely,0,,Very,0,,Very,0,,Very,0,,Extremely,0,,0,,Good,0,,Extremely important,0,,0,,Somewhat satisfied,0,,0,,Agree,0,,0,,Strongly agree,0,,Strongly agree,0,,Strongly agree,0,,Strongly agree,0,,Strongly agree,0,,Strongly agree,0,,Strongly agree,0,,Strongly agree,0,,Strongly agree,0,,Strongly agree,0,,0,,Not at all,0,,Not at all,0,,Not at all,0,,Not at all,0,,Not at all,0,,Not at all,0,,Not at all,0,,Not at all,0,,Not at all,0,,Not at all,0,,Not at all,0,,Not at all,0,,Not at all,0,,Not at all,0,,Via email;,0,,No,0,,,0,
26,3/22/2023 10:45,3/22/2023 10:54,,,,india,0,,College,0,,No,0,,Computer Science with advanced practice ,0,,16 months,0,,2 Years,0,,Yes,0,,,0,,Telugu,0,,0,,Excellent,0,,Excellent,0,,Excellent,0,,Good ,0,,Good ,0,,,0,,Yes,0,,0,,Moderately,0,,Extremely,0,,Very,0,,A little ,0,,Not at all ,0,,Extremely,0,,Not at all ,0,,Very,0,,A little ,0,,Not applicable,0,,Not applicable,0,,Not at all ,0,,Not applicable,0,,Not applicable,0,,Moderately,0,,Not applicable,0,,Not at all ,0,,Not at all ,0,,Not applicable,0,,Extremely,0,,0,,Good,0,,Extremely important,0,,0,,Somewhat satisfied,0,,0,,Strongly agree,0,,0,,Mildly disagree,0,,Strongly agree,0,,Neutral,0,,Strongly agree,0,,Neutral,0,,Neutral,0,,Strongly agree,0,,Neutral,0,,Strongly agree,0,,Strongly agree,0,,0,,Moderately,0,,Slightly (a little),0,,Moderately,0,,Slightly (a little),0,,Not at all,0,,Not at all,0,,Slightly (a little),0,,Not applicable,0,,Extremely,0,,Extremely,0,,Slightly (a little),0,,Slightly (a little),0,,Not at all,0,,Slightly (a little),0,,In person;,0,,,0,,,0,
27,3/22/2023 11:41,3/22/2023 11:53,,,,IRAN,0,,University,0,,No,0,,MSC computer science 16 months,0,,14 months,0,,16 months,0,,Yes,0,,,0,,Persian,0,,0,,Excellent,0,,Good ,0,,Good ,0,,Average,0,,Average,0,,,0,,Yes,0,,0,,Not at all ,0,,,0,,,0,,,0,,,0,,,0,,,0,,Extremely,0,,,0,,,0,,Not applicable,0,,Very,0,,Not at all ,0,,Very,0,,Extremely,0,,Extremely,0,,Not at all ,0,,Not at all ,0,,Very,0,,Not applicable,0,,0,,Excellent,0,,Extremely important,0,,0,,Very satisfied,0,,0,,Disagree,0,,0,,Strongly disagree,0,,Strongly disagree,0,,Mildly disagree,0,,Neutral,0,,Strongly disagree,0,,Strongly disagree,0,,Strongly disagree,0,,Neutral,0,,Neutral,0,,Mildly disagree,0,,0,,Very,0,,Very,0,,Not at all,0,,Very,0,,Not at all,0,,Not at all,0,,Slightly (a little),0,,Slightly (a little),0,,Moderately,0,,Very,0,,Slightly (a little),0,,Very,0,,Very,0,,Very,0,,Via email;,0,,There was no program that can help us to find a job in the future. ,0,,,0,
28,3/22/2023 12:12,3/22/2023 12:26,,,,ROMANIA,0,,University,0,,Yes,0,,MSC COMPUTER SCIENCE DISTANCE LEARNING,0,,OVER 4 YEARS,0,,2 Years,0,,Yes,0,,"ROMANIA, BSC IN ELECTRICAL ENGINEERING AND MSC IN MEDICAL ELECTRONICS AND INFORMATICS",0,,ROMANIAN,0,,0,,Good ,0,,Average,0,,Good ,0,,Average,0,,Good ,0,,NO,0,,Yes,0,,0,,Not at all ,0,,Not at all ,0,,Not at all ,0,,Not at all ,0,,Not at all ,0,,Not at all ,0,,Not at all ,0,,A little ,0,,Not at all ,0,,Not at all ,0,,Not at all ,0,,Not at all ,0,,Not at all ,0,,A little ,0,,Not applicable,0,,Not at all ,0,,Not at all ,0,,Not at all ,0,,Not at all ,0,,Not at all ,0,,0,,Poor ,0,,Extremely important,0,,0,,Very dissatisfied,0,,0,,Disagree,0,,0,,Neutral,0,,Mildly agree,0,,Strongly disagree,0,,Neutral,0,,Strongly disagree,0,,Neutral,0,,Neutral,0,,Strongly disagree,0,,Neutral,0,,Neutral,0,,0,,Not applicable,0,,Very,0,,Not applicable,0,,Extremely,0,,Moderately,0,,Not applicable,0,,Moderately,0,,Extremely,0,,Not applicable,0,,Slightly (a little),0,,Very,0,,Very,0,,Very,0,,Not at all,0,,Via email;Via MS Teams;,0,,,0,,,0,
29,3/22/2023 12:40,3/22/2023 13:02,,,,Nigeria,0,,University,0,,Yes,0,,Data Science with Advanced Practice,0,,8months,0,,2 Years,0,,Yes,0,,,0,,English,0,,0,,Good ,0,,Good ,0,,Good ,0,,Good ,0,,Good ,0,,No,0,,Yes,0,,0,,Not at all ,0,,Not at all ,0,,Not at all ,0,,Not at all ,0,,Not at all ,0,,Not at all ,0,,Moderately,0,,Extremely,0,,Not at all ,0,,Extremely,0,,Extremely,0,,Not at all ,0,,Moderately,0,,Moderately,0,,Moderately,0,,Very,0,,Not at all ,0,,Not at all ,0,,Not at all ,0,,Extremely,0,,0,,Excellent,0,,Extremely important,0,,0,,Very satisfied,0,,0,,Strongly agree,0,,0,,Strongly agree,0,,Strongly agree,0,,Strongly agree,0,,Strongly agree,0,,Strongly agree,0,,Strongly agree,0,,Strongly agree,0,,Strongly agree,0,,Strongly agree,0,,Strongly agree,0,,0,,Not at all,0,,Not at all,0,,Not at all,0,,Not at all,0,,Not at all,0,,Not at all,0,,Not at all,0,,Not at all,0,,Not at all,0,,Not at all,0,,Not at all,0,,Not at all,0,,Not at all,0,,Not at all,0,,Via email;,0,,,0,,,0,
30,3/22/2023 13:32,3/22/2023 13:46,,,,Sri Lanka,0,,University,0,,No,0,,MSc.Advanced Computer science,0,,2,0,,16 months,0,,Yes,0,,,0,,Sinhala,0,,0,,Good ,0,,Good ,0,,Good ,0,,Average,0,,Good ,0,,No,0,,Yes,0,,0,,Extremely,0,,Extremely,0,,Extremely,0,,Very,0,,Extremely,0,,Very,0,,Extremely,0,,Extremely,0,,Very,0,,Extremely,0,,Not applicable,0,,Very,0,,Not applicable,0,,Not applicable,0,,Not applicable,0,,Not applicable,0,,Not at all ,0,,Not at all ,0,,Extremely,0,,Not applicable,0,,0,,Average,0,,Extremely important,0,,0,,Neither satisfied nor dissatisfied,0,,0,,Agree,0,,0,,Strongly agree,0,,Mildly agree,0,,Neutral,0,,Strongly agree,0,,Mildly agree,0,,Neutral,0,,Mildly agree,0,,Mildly agree,0,,Strongly agree,0,,Strongly agree,0,,0,,Very,0,,Very,0,,Moderately,0,,Moderately,0,,Slightly (a little),0,,Slightly (a little),0,,Slightly (a little),0,,Slightly (a little),0,,Not at all,0,,Moderately,0,,Slightly (a little),0,,Not at all,0,,Slightly (a little),0,,Slightly (a little),0,,Via email;Via Blackboard FAQ;In person;,0,,Lecture content and assignments should be more transparent and relavent . Some times is difficult to understand assignment requirements.,0,,,0,
31,3/22/2023 14:16,3/22/2023 14:24,,,,Nigeria,0,,University,0,,Yes,0,,Computer Science,0,,17 months,0,,2 Years,0,,Yes,0,,,0,,Igbo,0,,0,,Excellent,0,,Excellent,0,,Excellent,0,,Excellent,0,,Excellent,0,,,0,,Yes,0,,0,,Not at all ,0,,Not at all ,0,,Not at all ,0,,Not at all ,0,,Not at all ,0,,Extremely,0,,Not at all ,0,,Not applicable,0,,Not applicable,0,,Not applicable,0,,Not applicable,0,,Not at all ,0,,Not applicable,0,,Not applicable,0,,Not applicable,0,,Not applicable,0,,Not at all ,0,,Not at all ,0,,Not applicable,0,,Not applicable,0,,0,,Good,0,,Neutral,0,,0,,Somewhat satisfied,0,,0,,Neither agree nor disagree,0,,0,,Strongly agree,0,,Neutral,0,,Neutral,0,,Mildly agree,0,,Mildly disagree,0,,Strongly disagree,0,,Neutral,0,,Strongly disagree,0,,Neutral,0,,Neutral,0,,0,,Not at all,0,,Not at all,0,,Not at all,0,,Slightly (a little),0,,Slightly (a little),0,,Not at all,0,,Not at all,0,,Slightly (a little),0,,Slightly (a little),0,,Not at all,0,,Not at all,0,,Slightly (a little),0,,Not at all,0,,Slightly (a little),0,,Via email;,0,,"sometimes I forget that I have access to my lecturers and that I can approach them with questions outside class. Back home, our lecturers are like “gods”. You approach with caution",0,,,0,
32,3/22/2023 18:33,3/22/2023 18:40,,,,India,0,,College,0,,No,0,,Advanced computer science ,0,,5,0,,12 months,0,,Yes,0,,,0,,Tamil,0,,0,,Excellent,0,,Excellent,0,,Excellent,0,,Excellent,0,,Excellent,0,,,0,,No,0,,0,,Not at all ,0,,A little ,0,,Not at all ,0,,Not at all ,0,,Not at all ,0,,Not at all ,0,,Not at all ,0,,Not at all ,0,,Not at all ,0,,Extremely,0,,Extremely,0,,Not at all ,0,,Extremely,0,,Extremely,0,,Extremely,0,,Extremely,0,,Not at all ,0,,Not at all ,0,,Not at all ,0,,Not at all ,0,,0,,Excellent,0,,Extremely important,0,,0,,Very satisfied,0,,0,,Strongly agree,0,,0,,Neutral,0,,Neutral,0,,Strongly agree,0,,Mildly agree,0,,Strongly agree,0,,Neutral,0,,Strongly agree,0,,Strongly agree,0,,Mildly agree,0,,Neutral,0,,0,,Not at all,0,,Not at all,0,,Not at all,0,,Slightly (a little),0,,Slightly (a little),0,,Not at all,0,,Not at all,0,,Slightly (a little),0,,Not at all,0,,Slightly (a little),0,,Not at all,0,,Not at all,0,,Not at all,0,,Not at all,0,,In person;Via email;Via MS Teams;,0,,,0,,,0,
33,3/22/2023 18:35,3/22/2023 18:45,,,, Nigeria ,0,,University,0,,No,0,,Data science ,0,,2 months ,0,,16 months,0,,Yes,0,,,0,,English language ,0,,0,,Excellent,0,,Excellent,0,,Good ,0,,Good ,0,,Excellent,0,,,0,,Yes,0,,0,,Not at all ,0,,Not at all ,0,,Not at all ,0,,Moderately,0,,Not at all ,0,,Not at all ,0,,Not at all ,0,,Very,0,,Very,0,,Extremely,0,,Very,0,,Not at all ,0,,Very,0,,Extremely,0,,Not applicable,0,,Moderately,0,,,0,,A little ,0,,A little ,0,,A little ,0,,0,,Average,0,,Extremely important,0,,0,,Somewhat dissatisfied,0,,0,,Agree,0,,0,,Mildly agree,0,,Strongly agree,0,,Mildly disagree,0,,Mildly agree,0,,Mildly disagree,0,,Mildly agree,0,,Mildly agree,0,,Neutral,0,,Neutral,0,,Mildly agree,0,,0,,Slightly (a little),0,,Moderately,0,,Moderately,0,,Moderately,0,,Very,0,,Moderately,0,,Slightly (a little),0,,Moderately,0,,Slightly (a little),0,,Moderately,0,,Very,0,,Moderately,0,,Moderately,0,,Moderately,0,,Via email;,0,,,0,,,0,
34,3/22/2023 18:59,3/22/2023 19:08,,,,India,0,,College,0,,Yes,0,,Data Science,0,,3,0,,16 months,0,,Yes,0,,,0,,Malayalam,0,,0,,Good ,0,,Good ,0,,Good ,0,,Good ,0,,Good ,0,,No,0,,Yes,0,,0,,Moderately,0,,Not at all ,0,,Not at all ,0,,Not at all ,0,,Not at all ,0,,Not at all ,0,,Not at all ,0,,Moderately,0,,A little ,0,,Very,0,,Moderately,0,,Not at all ,0,,Moderately,0,,Moderately,0,,Very,0,,Moderately,0,,Not at all ,0,,Not at all ,0,,A little ,0,,Moderately,0,,0,,Average,0,,Extremely important,0,,0,,Neither satisfied nor dissatisfied,0,,0,,Agree,0,,0,,Mildly agree,0,,Mildly agree,0,,Mildly disagree,0,,Neutral,0,,Mildly disagree,0,,Mildly disagree,0,,Neutral,0,,Neutral,0,,Neutral,0,,Neutral,0,,0,,Moderately,0,,Very,0,,Moderately,0,,Very,0,,Moderately,0,,Not applicable,0,,Not applicable,0,,Very,0,,Moderately,0,,Moderately,0,,Slightly (a little),0,,Slightly (a little),0,,Slightly (a little),0,,Moderately,0,,In person;Via email;,0,,I need some samples of assessments done before so that I can understand the level or standard of assessment expected.,0,,,0,
35,3/22/2023 19:05,3/22/2023 19:12,,,,Nigeria ,0,,University,0,,Yes,0,,Computer science,0,,6,0,,16 months,0,,Yes,0,,,0,,English,0,,0,,Excellent,0,,Excellent,0,,Excellent,0,,Excellent,0,,Excellent,0,,,0,,No,0,,0,,Not at all ,0,,Not at all ,0,,Not at all ,0,,Not at all ,0,,Not at all ,0,,Not at all ,0,,Not at all ,0,,Not applicable,0,,Not at all ,0,,Not applicable,0,,Not applicable,0,,Not at all ,0,,Not applicable,0,,Not applicable,0,,Not applicable,0,,Not applicable,0,,Not at all ,0,,Not at all ,0,,Not at all ,0,,Not applicable,0,,0,,Very poor,0,,Extremely important,0,,0,,Somewhat satisfied,0,,0,,Strongly agree,0,,0,,Strongly agree,0,,Strongly agree,0,,Strongly agree,0,,Strongly agree,0,,Mildly agree,0,,Mildly disagree,0,,Mildly disagree,0,,Strongly agree,0,,Mildly agree,0,,Neutral,0,,0,,Not at all,0,,Not at all,0,,Not at all,0,,Slightly (a little),0,,Not at all,0,,Not at all,0,,Slightly (a little),0,,Slightly (a little),0,,Not at all,0,,Slightly (a little),0,,Not at all,0,,Not at all,0,,Not at all,0,,Not at all,0,,In person;,0,,I’m inclined to believe someone with zero background on computer science or programming would really struggle with keeping up with the program here.,0,,,0,
36,3/22/2023 21:30,3/22/2023 21:44,,,,Nigeria,0,,University,0,,No,0,,Information Science( Data Analytics),0,,6,0,,12 months,0,,Yes,0,,,0,,English,0,,0,,Excellent,0,,Excellent,0,,Excellent,0,,Excellent,0,,Excellent,0,,No,0,,Yes,0,,0,,Moderately,0,,Extremely,0,,Not applicable,0,,Not at all ,0,,Not at all ,0,,Not at all ,0,,Not at all ,0,,Not at all ,0,,Not at all ,0,,Not at all ,0,,Very,0,,Not at all ,0,,Very,0,,Very,0,,Very,0,,Very,0,,Not applicable,0,,Not applicable,0,,Not applicable,0,,Not applicable,0,,0,,Good,0,,Extremely important,0,,0,,Somewhat satisfied,0,,0,,Strongly agree,0,,0,,Strongly agree,0,,Strongly agree,0,,Strongly agree,0,,Strongly agree,0,,Mildly agree,0,,Neutral,0,,Strongly agree,0,,Mildly agree,0,,Strongly agree,0,,Strongly agree,0,,0,,Moderately,0,,Moderately,0,,Not applicable,0,,Slightly (a little),0,,Not at all,0,,Not at all,0,,Not at all,0,,Not at all,0,,Not at all,0,,Not at all,0,,Not at all,0,,Not at all,0,,Not at all,0,,Not at all,0,,Via email;,0,,,0,,,0,
37,3/22/2023 23:36,3/23/2023 0:33,,,,Nigeria ,0,,University,0,,Yes,0,,Information science data analytics ,0,,,0,,2 Years,0,,No,0,,"India, professional program.",0,,English language ,0,,0,,Good ,0,,Good ,0,,Good ,0,,Good ,0,,Good ,0,,No,0,,No,0,,0,,,0,,,0,,,0,,,0,,,0,,,0,,,0,,,0,,Moderately,0,,,0,,,0,,Moderately,0,,,0,,,0,,,0,,,0,,,0,,,0,,,0,,,0,,0,,Average,0,,Extremely important,0,,0,,Somewhat dissatisfied,0,,0,,Neither agree nor disagree,0,,0,,Neutral,0,,Neutral,0,,Neutral,0,,Neutral,0,,Neutral,0,,Neutral,0,,Mildly agree,0,,Mildly agree,0,,Mildly agree,0,,Mildly agree,0,,0,,Not applicable,0,,Not applicable,0,,Not applicable,0,,Moderately,0,,Not applicable,0,,Not applicable,0,,Not applicable,0,,Not applicable,0,,Not applicable,0,,Not applicable,0,,Not applicable,0,,Not applicable,0,,Not applicable,0,,Not applicable,0,,Via MS Teams;Via email;,0,,N/A,0,,,0,
38,3/23/2023 6:43,3/23/2023 6:49,,,,Nigeria,0,,University,0,,No,0,,Data Science with Advanced Practice,0,,6,0,,2 Years,0,,Yes,0,,,0,,English,0,,0,,Excellent,0,,Excellent,0,,Excellent,0,,Excellent,0,,Excellent,0,,No,0,,Yes,0,,0,,Not at all ,0,,Not applicable,0,,Not at all ,0,,Not at all ,0,,Not at all ,0,,Not at all ,0,,Not at all ,0,,Not at all ,0,,Not at all ,0,,Not applicable,0,,Moderately,0,,Not at all ,0,,Not applicable,0,,Not applicable,0,,Not applicable,0,,A little ,0,,Not at all ,0,,Not at all ,0,,Not at all ,0,,Very,0,,0,,Good,0,,Extremely important,0,,0,,Somewhat satisfied,0,,0,,Strongly agree,0,,0,,Strongly disagree,0,,Strongly agree,0,,Neutral,0,,Neutral,0,,Neutral,0,,Neutral,0,,Neutral,0,,Neutral,0,,Neutral,0,,Neutral,0,,0,,Not at all,0,,Not at all,0,,Not at all,0,,Not at all,0,,Not at all,0,,Not at all,0,,Not at all,0,,Slightly (a little),0,,Not at all,0,,Not at all,0,,Not at all,0,,Not at all,0,,Moderately,0,,Moderately,0,,In person;,0,,,0,,,0,
39,3/23/2023 12:28,3/23/2023 12:31,,,,Nigeria ,0,,University,0,,Yes,0,,Computer Science ,0,,6,0,,16 months,0,,Yes,0,,,0,,English,0,,0,,Excellent,0,,Excellent,0,,Excellent,0,,Excellent,0,,Excellent,0,,,0,,Yes,0,,0,,Not at all ,0,,Not at all ,0,,Not at all ,0,,Not at all ,0,,Moderately,0,,A little ,0,,A little ,0,,Moderately,0,,Extremely,0,,Very,0,,Extremely,0,,Extremely,0,,Very,0,,Moderately,0,,Very,0,,Very,0,,Not at all ,0,,A little ,0,,Moderately,0,,Very,0,,0,,Good,0,,Extremely important,0,,0,,Somewhat satisfied,0,,0,,Agree,0,,0,,Mildly agree,0,,Strongly agree,0,,Neutral,0,,Mildly agree,0,,Neutral,0,,Mildly disagree,0,,Mildly agree,0,,Neutral,0,,Mildly agree,0,,Neutral,0,,0,,Not applicable,0,,Moderately,0,,Moderately,0,,Moderately,0,,Moderately,0,,Not at all,0,,Slightly (a little),0,,Very,0,,Slightly (a little),0,,Slightly (a little),0,,Not at all,0,,Slightly (a little),0,,Moderately,0,,Slightly (a little),0,,In person;,0,,,0,,,0,
40,3/23/2023 13:40,3/23/2023 13:52,,,,Nigeria,0,,University,0,,No,0,,Information Science-Data Analytics,0,,1 year and 6 months,0,,2 Years,0,,Yes,0,,,0,,English,0,,0,,Excellent,0,,Excellent,0,,Excellent,0,,Excellent,0,,Excellent,0,,No,0,,Yes,0,,0,,Not applicable,0,,Not applicable,0,,Not applicable,0,,Not applicable,0,,Not applicable,0,,Not applicable,0,,Not applicable,0,,Extremely,0,,Not applicable,0,,,0,,Extremely,0,,Not applicable,0,,Extremely,0,,Extremely,0,,Extremely,0,,Moderately,0,,Not at all ,0,,Not at all ,0,,Moderately,0,,Not at all ,0,,0,,Good,0,,Extremely important,0,,0,,Somewhat satisfied,0,,0,,Strongly agree,0,,0,,Neutral,0,,Strongly agree,0,,Strongly disagree,0,,Mildly agree,0,,Strongly disagree,0,,Strongly disagree,0,,Strongly agree,0,,Strongly disagree,0,,Strongly agree,0,,Strongly agree,0,,0,,Not applicable,0,,Not at all,0,,Not at all,0,,Not at all,0,,Not at all,0,,Not at all,0,,Not at all,0,,Slightly (a little),0,,Not at all,0,,Slightly (a little),0,,Not at all,0,,Not at all,0,,Not at all,0,,Slightly (a little),0,,In person;Telephone;Via email;Via MS Teams;,0,,"Some Lecturers are not very understanding of the cultural differences and methods of teaching that exist amongst international students. Some are not very open to providing guidance to you and want you to be able to think on your own. While that is not a bad thing, it can be a bit difficult, some level of kindness would be appreciated without making the person feel stupid.",0,,,0,
41,3/23/2023 14:09,3/23/2023 14:18,,,,Nigeria,0,,University,0,,No,0,,MSc Data Science,0,,5,0,,2 Years,0,,Yes,0,,,0,,English,0,,0,,Good ,0,,Excellent,0,,Excellent,0,,Good ,0,,Good ,0,,No,0,,Yes,0,,0,,Not at all ,0,,Not at all ,0,,Not at all ,0,,Not at all ,0,,Not at all ,0,,Not at all ,0,,Not at all ,0,,Extremely,0,,Not at all ,0,,Extremely,0,,Extremely,0,,Extremely,0,,Extremely,0,,Extremely,0,,Extremely,0,,Extremely,0,,Not at all ,0,,Extremely,0,,Extremely,0,,Extremely,0,,0,,Average,0,,Extremely important,0,,0,,Somewhat dissatisfied,0,,0,,Disagree,0,,0,,Mildly agree,0,,Strongly agree,0,,Neutral,0,,Strongly agree,0,,Mildly disagree,0,,Mildly disagree,0,,Mildly disagree,0,,Strongly agree,0,,Neutral,0,,Neutral,0,,0,,Extremely,0,,Very,0,,,0,,Very,0,,Moderately,0,,Slightly (a little),0,,Not at all,0,,Not at all,0,,Not at all,0,,Not at all,0,,Not at all,0,,Slightly (a little),0,,Not at all,0,,Not at all,0,,Via email;Via MS Teams;,0,,,0,,,0,
42,3/23/2023 15:01,3/23/2023 16:30,,,,Nigeria,0,,University,0,,No,0,,Advanced Computer Science with Advanved Practice,0,,6,0,,2 Years,0,,Yes,0,,,0,,yoruba,0,,0,,Excellent,0,,Excellent,0,,Excellent,0,,Excellent,0,,Excellent,0,,,0,,,0,,0,,Not at all ,0,,,0,,Not at all ,0,,Not at all ,0,,Not at all ,0,,Not at all ,0,,Not at all ,0,,Not at all ,0,,Moderately,0,,Not at all ,0,,Not at all ,0,,Very,0,,Not at all ,0,,Not at all ,0,,Not at all ,0,,Not at all ,0,,Moderately,0,,A little ,0,,Very,0,,Very,0,,0,,Average,0,,Extremely important,0,,0,,Somewhat satisfied,0,,0,,,0,,0,,Strongly agree,0,,Strongly agree,0,,Strongly agree,0,,Strongly agree,0,,Strongly agree,0,,Strongly agree,0,,Strongly agree,0,,Strongly agree,0,,Strongly agree,0,,Strongly agree,0,,0,,Very,0,,Very,0,,Extremely,0,,Very,0,,Moderately,0,,Very,0,,Very,0,,Very,0,,Not at all,0,,Very,0,,Very,0,,Very,0,,Very,0,,Very,0,,Via email;,0,,none,0,,,0,
43,3/23/2023 16:43,3/23/2023 16:49,,,,India,0,,University,0,,No,0,,Msc Advanced Computer Science,0,,7 months,0,,12 months,0,,Yes,0,,,0,,English,0,,0,,Excellent,0,,Excellent,0,,Good ,0,,Good ,0,,Good ,0,,No,0,,Yes,0,,0,,Not at all ,0,,Not at all ,0,,Not at all ,0,,Not at all ,0,,Not at all ,0,,Not at all ,0,,Not at all ,0,,Very,0,,Not at all ,0,,Extremely,0,,Extremely,0,,Not at all ,0,,Extremely,0,,Extremely,0,,Extremely,0,,Extremely,0,,Not at all ,0,,Not at all ,0,,Not at all ,0,,Not at all ,0,,0,,Excellent,0,,Extremely important,0,,0,,Somewhat satisfied,0,,0,,Agree,0,,0,,Neutral,0,,Strongly agree,0,,Neutral,0,,Mildly agree,0,,Neutral,0,,Neutral,0,,Mildly agree,0,,Neutral,0,,Neutral,0,,Neutral,0,,0,,Slightly (a little),0,,Very,0,,Slightly (a little),0,,Moderately,0,,Slightly (a little),0,,Not at all,0,,Not at all,0,,Slightly (a little),0,,Slightly (a little),0,,Slightly (a little),0,,Not at all,0,,Slightly (a little),0,,Moderately,0,,Slightly (a little),0,,Via email;Via MS Teams;Via Blackboard FAQ;,0,,,0,,,0,
44,3/23/2023 19:08,3/23/2023 19:17,,,,Nigeria,0,,University,0,,No,0,,Information Science with Data Analytics,0,,7months,0,,16 months,0,,No,0,,Coventry in United Kingdom studied at Masters Level,0,,English,0,,0,,Excellent,0,,Excellent,0,,Excellent,0,,Excellent,0,,Excellent,0,,Coventry/Maters level,0,,Yes,0,,0,,Extremely,0,,Not at all ,0,,Not at all ,0,,Not at all ,0,,Not at all ,0,,Not at all ,0,,Extremely,0,,Not at all ,0,,Not at all ,0,,Not at all ,0,,Not at all ,0,,Not at all ,0,,Extremely,0,,Extremely,0,,Extremely,0,,Very,0,,Not at all ,0,,Not at all ,0,,Very,0,,Extremely,0,,0,,Good,0,,Extremely important,0,,0,,Somewhat satisfied,0,,0,,Agree,0,,0,,Neutral,0,,Strongly agree,0,,Neutral,0,,Neutral,0,,Neutral,0,,Neutral,0,,Mildly agree,0,,Neutral,0,,Neutral,0,,Neutral,0,,0,,Moderately,0,,Moderately,0,,Not applicable,0,,Not at all,0,,Slightly (a little),0,,Extremely,0,,Slightly (a little),0,,Slightly (a little),0,,Not at all,0,,Slightly (a little),0,,Not applicable,0,,Slightly (a little),0,,Very,0,,Extremely,0,,Via email;,0,,,0,,,0,
45,3/24/2023 14:07,3/24/2023 14:11,,,,India,0,,University,0,,Yes,0,,Computer science with advance practice ,0,,24,0,,2 Years,0,,Yes,0,,,0,,Telugu,0,,0,,Excellent,0,,Excellent,0,,Excellent,0,,Excellent,0,,Excellent,0,,No,0,,Yes,0,,0,,Not applicable,0,,Not applicable,0,,Not applicable,0,,,0,,,0,,,0,,,0,,,0,,,0,,,0,,,0,,,0,,,0,,,0,,,0,,,0,,,0,,,0,,,0,,,0,,0,,,0,,Extremely important,0,,0,,Very satisfied,0,,0,,,0,,0,,,0,,,0,,,0,,,0,,,0,,,0,,,0,,,0,,,0,,,0,,0,,Extremely,0,,Extremely,0,,Extremely,0,,Extremely,0,,,0,,,0,,,0,,,0,,,0,,,0,,,0,,,0,,,0,,,0,,Via email;Via Blackboard FAQ;,0,,No,0,,,0,
46,3/24/2023 15:27,3/24/2023 15:32,,,,Nigeria ,0,,University,0,,No,0,,Computer science ,0,,6,0,,16 months,0,,Yes,0,,,0,,English ,0,,0,,Good ,0,,Good ,0,,Good ,0,,Good ,0,,Good ,0,,,0,,No,0,,0,,Not at all ,0,,Not at all ,0,,Not at all ,0,,Not at all ,0,,Not at all ,0,,Not at all ,0,,Not at all ,0,,Extremely,0,,Not at all ,0,,Extremely,0,,Extremely,0,,Not at all ,0,,Extremely,0,,Extremely,0,,Extremely,0,,Extremely,0,,Not at all ,0,,Extremely,0,,Extremely,0,,Extremely,0,,0,,,0,,Extremely important,0,,0,,Very satisfied,0,,0,,Strongly agree,0,,0,,Neutral,0,,Strongly agree,0,,Neutral,0,,Strongly agree,0,,Neutral,0,,Neutral,0,,Neutral,0,,Neutral,0,,Neutral,0,,Strongly agree,0,,0,,Not at all,0,,Not at all,0,,Not at all,0,,Not at all,0,,Not at all,0,,Not at all,0,,Not at all,0,,Not at all,0,,Not at all,0,,Not at all,0,,Not at all,0,,Not at all,0,,Slightly (a little),0,,Not at all,0,,In person;Via email;Via MS Teams;Guidance Tutor meetings;,0,,,0,,,0,
47,3/24/2023 17:53,3/24/2023 17:59,,,,India,0,,College,0,,Yes,0,,Data science,0,,6,0,,2 Years,0,,Yes,0,,,0,,Malayalam,0,,0,,Average,0,,Good ,0,,Excellent,0,,Good ,0,,Good ,0,,,0,,No,0,,0,,A little ,0,,Not at all ,0,,Not at all ,0,,Not at all ,0,,Not at all ,0,,Not at all ,0,,Not at all ,0,,Not at all ,0,,Not at all ,0,,Extremely,0,,Very,0,,Not at all ,0,,Extremely,0,,Extremely,0,,Very,0,,Very,0,,Not at all ,0,,Not at all ,0,,Extremely,0,,Moderately,0,,0,,Average,0,,Extremely important,0,,0,,Somewhat satisfied,0,,0,,Neither agree nor disagree,0,,0,,Neutral,0,,Mildly agree,0,,Mildly disagree,0,,Mildly agree,0,,Neutral,0,,Mildly disagree,0,,Mildly agree,0,,Mildly disagree,0,,Mildly disagree,0,,Strongly disagree,0,,0,,Moderately,0,,Very,0,,Very,0,,Moderately,0,,Very,0,,Slightly (a little),0,,Not at all,0,,Moderately,0,,Slightly (a little),0,,Very,0,,Very,0,,Moderately,0,,Very,0,,Extremely,0,,Via email;Via MS Teams;,0,,,0,,,0,
48,3/24/2023 18:39,3/24/2023 18:50,,,,Nigeria,0,,University,0,,No,0,,Advanced Computer Science,0,,6,0,,2 Years,0,,Yes,0,,,0,,English,0,,0,,Excellent,0,,Excellent,0,,Excellent,0,,Excellent,0,,Excellent,0,,,0,,Yes,0,,0,,Extremely,0,,Extremely,0,,Not at all ,0,,Not at all ,0,,Not at all ,0,,Not at all ,0,,Not at all ,0,,Extremely,0,,Not at all ,0,,Not at all ,0,,Not at all ,0,,Not at all ,0,,Very,0,,Extremely,0,,Extremely,0,,Extremely,0,,Not at all ,0,,Not at all ,0,,Not at all ,0,,Moderately,0,,0,,Average,0,,Extremely important,0,,0,,Somewhat satisfied,0,,0,,Neither agree nor disagree,0,,0,,Neutral,0,,Neutral,0,,Strongly disagree,0,,Neutral,0,,Mildly disagree,0,,Mildly disagree,0,,Neutral,0,,Mildly disagree,0,,Mildly agree,0,,Strongly disagree,0,,0,,Moderately,0,,Moderately,0,,Slightly (a little),0,,Moderately,0,,Moderately,0,,Moderately,0,,Slightly (a little),0,,Very,0,,Extremely,0,,Not at all,0,,Not at all,0,,Moderately,0,,Not applicable,0,,Not at all,0,,Via email;Via MS Teams;,0,,There are no provisions for compensation for lecture days missed during union strike actions. I have missed 3 classes due to the stick action and I was present in all three of those class. This has affected my class presentation for that module,0,,,0,
49,3/25/2023 0:46,3/25/2023 1:00,,,,Nigeria,0,,University,0,,No,0,,Advanced Computer Science,0,,8 Months,0,,12 months,0,,Yes,0,,,0,,English,0,,0,,Good ,0,,Good ,0,,Good ,0,,Good ,0,,Good ,0,,No,0,,No,0,,0,,Not applicable,0,,Extremely,0,,Not applicable,0,,Not at all ,0,,Not at all ,0,,Not at all ,0,,Not at all ,0,,Very,0,,Not at all ,0,,Moderately,0,,Very,0,,Very,0,,Very,0,,Very,0,,Very,0,,Moderately,0,,Not applicable,0,,Not at all ,0,,Very,0,,Very,0,,0,,Good,0,,Extremely important,0,,0,,Somewhat satisfied,0,,0,,Neither agree nor disagree,0,,0,,Strongly disagree,0,,Mildly agree,0,,Mildly disagree,0,,Neutral,0,,Mildly disagree,0,,Strongly disagree,0,,Mildly disagree,0,,Strongly disagree,0,,Neutral,0,,Mildly disagree,0,,0,,Moderately,0,,Moderately,0,,Very,0,,Moderately,0,,Moderately,0,,Not at all,0,,Not at all,0,,Moderately,0,,Slightly (a little),0,,Extremely,0,,Slightly (a little),0,,Slightly (a little),0,,Extremely,0,,Extremely,0,,In person;Via email;,0,,,0,,,0,
50,3/25/2023 17:48,3/25/2023 17:56,,,,,0,,University,0,,Yes,0,,,0,,15months,0,,2 Years,0,,Yes,0,,,0,,English ,0,,0,,Average,0,,Good ,0,,Good ,0,,Good ,0,,Good ,0,,,0,,No,0,,0,,Moderately,0,,A little ,0,,Not at all ,0,,Not at all ,0,,Not at all ,0,,Extremely,0,,Not at all ,0,,Extremely,0,,Very,0,,Extremely,0,,Extremely,0,,Extremely,0,,Extremely,0,,Extremely,0,,Extremely,0,,Moderately,0,,A little ,0,,A little ,0,,A little ,0,,Extremely,0,,0,,Good,0,,Extremely important,0,,0,,Very satisfied,0,,0,,Agree,0,,0,,Mildly agree,0,,Strongly agree,0,,Strongly agree,0,,Mildly agree,0,,Mildly agree,0,,Mildly agree,0,,Mildly agree,0,,Mildly agree,0,,Mildly agree,0,,Mildly agree,0,,0,,Moderately,0,,Moderately,0,,Moderately,0,,Moderately,0,,Moderately,0,,Moderately,0,,Moderately,0,,Moderately,0,,Moderately,0,,Moderately,0,,Moderately,0,,Moderately,0,,Moderately,0,,Moderately,0,,Via email;Via MS Teams;,0,,,0,,,0,
51,3/26/2023 21:26,3/27/2023 9:58,,,,Nigeria,0,,University,0,,No,0,,Data Science,0,,1,0,,16 months,0,,No,0,,Singapore - Bsc in Information Systems and Software Engineering,0,,English Language,0,,0,,Excellent,0,,Excellent,0,,Excellent,0,,Excellent,0,,Excellent,0,,,0,,Yes,0,,0,,Not applicable,0,,Moderately,0,,Not applicable,0,,Not applicable,0,,Not applicable,0,,Not applicable,0,,Not applicable,0,,Not applicable,0,,Extremely,0,,Extremely,0,,Extremely,0,,Extremely,0,,Extremely,0,,Extremely,0,,Extremely,0,,Very,0,,Not applicable,0,,Not applicable,0,,Extremely,0,,Extremely,0,,0,,Average,0,,Extremely important,0,,0,,Somewhat dissatisfied,0,,0,,Neither agree nor disagree,0,,0,,Neutral,0,,Mildly agree,0,,Neutral,0,,Strongly agree,0,,Neutral,0,,Neutral,0,,Neutral,0,,Neutral,0,,Mildly agree,0,,Neutral,0,,0,,Moderately,0,,Moderately,0,,Very,0,,Not applicable,0,,Not applicable,0,,Not applicable,0,,Not at all,0,,Moderately,0,,Moderately,0,,Slightly (a little),0,,Not at all,0,,Slightly (a little),0,,Moderately,0,,Extremely,0,,In person;,0,,,0,,,0,
52,3/28/2023 14:22,3/28/2023 14:39,,,,Nigeria,0,,University,0,,Yes,0,,Information Science (Data Analytics) ,0,,6 months,0,,2 Years,0,,Yes,0,,,0,,Igbo,0,,0,,Average,0,,Good ,0,,Good ,0,,Good ,0,,Good ,0,,,0,,No,0,,0,,Not at all ,0,,Very,0,,Not at all ,0,,Not at all ,0,,Not at all ,0,,Not at all ,0,,A little ,0,,Not at all ,0,,Not at all ,0,,Extremely,0,,Extremely,0,,Very,0,,Moderately,0,,Very,0,,A little ,0,,Not at all ,0,,Not at all ,0,,A little ,0,,Not at all ,0,,Extremely,0,,0,,Average,0,,Extremely important,0,,0,,Somewhat dissatisfied,0,,0,,Agree,0,,0,,Neutral,0,,Neutral,0,,Mildly agree,0,,Strongly agree,0,,Mildly agree,0,,Neutral,0,,Mildly agree,0,,Mildly agree,0,,Neutral,0,,Mildly agree,0,,0,,Moderately,0,,Moderately,0,,Moderately,0,,Slightly (a little),0,,Not at all,0,,Not at all,0,,Moderately,0,,Moderately,0,,Slightly (a little),0,,Not at all,0,,Not at all,0,,Slightly (a little),0,,Moderately,0,,Very,0,,In person;Via email;,0,,,0,,,0,
53,4/5/2023 2:17,4/5/2023 2:26,,,,India,0,,University,0,,Yes,0,,Advanced Computer Science with Advanced Practices,0,,8 months,0,,2 Years,0,,Yes,0,,,0,,Telugu,0,,0,,Excellent,0,,Excellent,0,,Excellent,0,,Excellent,0,,Excellent,0,,,0,,Yes,0,,0,,Not at all ,0,,Moderately,0,,A little ,0,,A little ,0,,Not at all ,0,,Moderately,0,,A little ,0,,Moderately,0,,A little ,0,,Very,0,,Extremely,0,,Extremely,0,,Very,0,,Very,0,,Very,0,,Extremely,0,,Not at all ,0,,A little ,0,,Not at all ,0,,Not at all ,0,,0,,Good,0,,Extremely important,0,,0,,Somewhat satisfied,0,,0,,Strongly agree,0,,0,,Neutral,0,,Mildly agree,0,,Neutral,0,,Strongly agree,0,,Mildly agree,0,,Strongly agree,0,,Strongly agree,0,,Mildly agree,0,,Strongly agree,0,,Strongly agree,0,,0,,Not at all,0,,Slightly (a little),0,,Not at all,0,,Slightly (a little),0,,Not at all,0,,Not at all,0,,Not at all,0,,Very,0,,Not at all,0,,Slightly (a little),0,,Not at all,0,,Not at all,0,,Slightly (a little),0,,Slightly (a little),0,,Via email;,0,,,0,,,0,
54,4/26/2023 12:44,4/26/2023 12:49,,,,India,0,,University,0,,Yes,0,,PGR in Computer Science,0,,27,0,,2 Years,0,,Yes,0,,,0,,Marathi,0,,0,,Good ,0,,Good ,0,,Good ,0,,Good ,0,,Good ,0,,No,0,,Yes,0,,0,,Not at all ,0,,Not at all ,0,,A little ,0,,Extremely,0,,Extremely,0,,Extremely,0,,Extremely,0,,Very,0,,Not at all ,0,,Extremely,0,,Extremely,0,,Not at all ,0,,Extremely,0,,Extremely,0,,Extremely,0,,Very,0,,Not at all ,0,,Not at all ,0,,Extremely,0,,Moderately,0,,0,,Good,0,,Extremely important,0,,0,,Very satisfied,0,,0,,Agree,0,,0,,Strongly agree,0,,Strongly agree,0,,Strongly agree,0,,Strongly agree,0,,Strongly agree,0,,Strongly agree,0,,Strongly agree,0,,Strongly agree,0,,Mildly agree,0,,Strongly agree,0,,0,,Slightly (a little),0,,Slightly (a little),0,,Not at all,0,,Not at all,0,,Slightly (a little),0,,Not at all,0,,Slightly (a little),0,,Moderately,0,,Slightly (a little),0,,Not at all,0,,Slightly (a little),0,,Slightly (a little),0,,Moderately,0,,Slightly (a little),0,,In person;Via email;Via MS Teams;,0,,,0,,,0,
55,5/3/2023 13:17,5/3/2023 13:24,,,,Nigeria,0,,University,0,,No,0,,Data Science,0,,8 Months,0,,2 Years,0,,Yes,0,,,0,,English,0,,0,,Excellent,0,,Excellent,0,,Excellent,0,,Excellent,0,,Excellent,0,,No,0,,No,0,,0,,Not at all ,0,,A little ,0,,Not at all ,0,,Not at all ,0,,Not at all ,0,,Not at all ,0,,Extremely,0,,Extremely,0,,Not at all ,0,,Extremely,0,,Extremely,0,,Not at all ,0,,Extremely,0,,Extremely,0,,Extremely,0,,Moderately,0,,Not applicable,0,,A little ,0,,Moderately,0,,Extremely,0,,0,,Excellent,0,,Extremely important,0,,0,,Very satisfied,0,,0,,Agree,0,,0,,Mildly agree,0,,Strongly agree,0,,Neutral,0,,Strongly agree,0,,Strongly agree,0,,Neutral,0,,Mildly agree,0,,Strongly agree,0,,Strongly agree,0,,Strongly agree,0,,0,,Moderately,0,,Very,0,,Not at all,0,,Extremely,0,,Slightly (a little),0,,Moderately,0,,Slightly (a little),0,,Very,0,,Extremely,0,,Very,0,,Extremely,0,,Moderately,0,,Extremely,0,,Extremely,0,,In person;,0,,,0,,,0,
56,5/9/2023 11:31,5/9/2023 11:38,,,,India,0,,University,0,,No,0,,Advanced Computer Science,0,,4,0,,16 months,0,,Yes,0,,,0,,Tamil,0,,0,,Good ,0,,Average,0,,Average,0,,Average,0,,Average,0,,No,0,,Yes,0,,0,,Not at all ,0,,Not at all ,0,,Not at all ,0,,Not at all ,0,,Not at all ,0,,A little ,0,,Not at all ,0,,A little ,0,,A little ,0,,Very,0,,Moderately,0,,Not at all ,0,,Moderately,0,,Not at all ,0,,A little ,0,,A little ,0,,Not at all ,0,,Not at all ,0,,A little ,0,,Not at all ,0,,0,,Average,0,,Extremely important,0,,0,,Neither satisfied nor dissatisfied,0,,0,,Neither agree nor disagree,0,,0,,Mildly agree,0,,Strongly agree,0,,Neutral,0,,Neutral,0,,Neutral,0,,Neutral,0,,Neutral,0,,Neutral,0,,Neutral,0,,Neutral,0,,0,,Moderately,0,,Moderately,0,,Moderately,0,,Moderately,0,,Moderately,0,,Moderately,0,,Moderately,0,,Moderately,0,,Moderately,0,,Moderately,0,,Moderately,0,,Moderately,0,,Moderately,0,,Moderately,0,,Via email;,0,,,0,,,0,
57,11/7/2023 13:35,11/7/2023 13:52,,,,Cyprus,0,,University,0,,Yes,0,,Data Science,0,,2,0,,12 months,0,,No,0,,,0,,"Greek
",0,,0,,Excellent,0,,Excellent,0,,Excellent,0,,Excellent,0,,Excellent,0,,University of Liverpool,0,,Yes,0,,0,,Not at all ,0,,Very,0,,Moderately,0,,Moderately,0,,Moderately,0,,Moderately,0,,Moderately,0,,Very,0,,Moderately,0,,Extremely,0,,Moderately,0,,Moderately,0,,Very,0,,Very,0,,Extremely,0,,Very,0,,Moderately,0,,Moderately,0,,Moderately,0,,Moderately,0,,0,,Good,0,,Extremely important,0,,0,,Somewhat satisfied,0,,0,,Strongly agree,0,,0,,Strongly agree,0,,Strongly agree,0,,Mildly agree,0,,Strongly agree,0,,Strongly agree,0,,Mildly agree,0,,Strongly agree,0,,Strongly agree,0,,Strongly agree,0,,Strongly agree,0,,0,,Not at all,0,,Slightly (a little),0,,Slightly (a little),0,,Slightly (a little),0,,Not at all,0,,Slightly (a little),0,,Slightly (a little),0,,Moderately,0,,Slightly (a little),0,,Slightly (a little),0,,Slightly (a little),0,,Not at all,0,,Not at all,0,,Slightly (a little),0,,Via email;Via Blackboard FAQ;Via MS Teams;,0,,,0,,,0,
58,11/7/2023 13:49,11/7/2023 13:54,,,,India,0,,College,0,,Yes,0,,MSc Data Science,0,,2,0,,12 months,0,,Yes,0,,,0,,English,0,,0,,Excellent,0,,Excellent,0,,Excellent,0,,Excellent,0,,Excellent,0,,,0,,Yes,0,,0,,Moderately,0,,Moderately,0,,Not applicable,0,,Not applicable,0,,Not applicable,0,,Very,0,,Moderately,0,,Extremely,0,,Very,0,,Extremely,0,,Extremely,0,,Not applicable,0,,Extremely,0,,Extremely,0,,Extremely,0,,Very,0,,Not applicable,0,,Not applicable,0,,Extremely,0,,Very,0,,0,,Excellent,0,,Extremely important,0,,0,,Very satisfied,0,,0,,Strongly agree,0,,0,,Strongly agree,0,,Strongly agree,0,,Strongly agree,0,,Strongly agree,0,,Strongly agree,0,,Strongly agree,0,,Strongly agree,0,,Strongly agree,0,,Strongly agree,0,,Strongly agree,0,,0,,Not at all,0,,Slightly (a little),0,,Slightly (a little),0,,Not at all,0,,Not at all,0,,Not at all,0,,Not at all,0,,Slightly (a little),0,,Slightly (a little),0,,Not at all,0,,Not at all,0,,Not at all,0,,Slightly (a little),0,,Not at all,0,,In person;Via email;Via Blackboard FAQ;Via MS Teams;,0,,,0,,,0,
59,11/7/2023 13:47,11/7/2023 13:54,,,,India,0,,College,0,,Yes,0,,Msc Data Science,0,,1 month,0,,12 months,0,,Yes,0,,,0,,Marathi,0,,0,,Excellent,0,,Good ,0,,Good ,0,,Good ,0,,Good ,0,,,0,,Yes,0,,0,,A little ,0,,A little ,0,,Very,0,,Not at all ,0,,Extremely,0,,A little ,0,,A little ,0,,Very,0,,Moderately,0,,Very,0,,Extremely,0,,Extremely,0,,Extremely,0,,Extremely,0,,Extremely,0,,Extremely,0,,A little ,0,,Moderately,0,,Very,0,,Very,0,,0,,Good,0,,Extremely important,0,,0,,Somewhat satisfied,0,,0,,Strongly agree,0,,0,,Strongly agree,0,,Strongly agree,0,,Strongly agree,0,,Strongly agree,0,,Strongly agree,0,,Strongly agree,0,,Strongly agree,0,,Strongly agree,0,,Strongly agree,0,,Strongly agree,0,,0,,Not at all,0,,Slightly (a little),0,,Not at all,0,,Slightly (a little),0,,Not at all,0,,Not at all,0,,Not at all,0,,Not at all,0,,Not at all,0,,Slightly (a little),0,,Not at all,0,,Not at all,0,,Not at all,0,,Slightly (a little),0,,In person;Via email;Telephone;Via Blackboard FAQ;Via MS Teams;Guidance Tutor meetings;,0,,,0,,,0,
60,11/7/2023 13:40,11/7/2023 13:55,,,,India,0,,College,0,,Yes,0,,Data science,0,,1 month,0,,12 months,0,,Yes,0,,,0,,Marathi,0,,0,,Good ,0,,Good ,0,,Good ,0,,Good ,0,,Good ,0,,,0,,Yes,0,,0,,Moderately,0,,Not at all ,0,,A little ,0,,Not at all ,0,,Extremely,0,,Very,0,,A little ,0,,Not applicable,0,,Moderately,0,,Extremely,0,,Extremely,0,,Extremely,0,,Not applicable,0,,Not applicable,0,,Not applicable,0,,Not applicable,0,,Not at all ,0,,Not at all ,0,,Not applicable,0,,Not applicable,0,,0,,Good,0,,Extremely important,0,,0,,Somewhat satisfied,0,,0,,Strongly agree,0,,0,,Strongly agree,0,,Strongly agree,0,,Strongly agree,0,,Strongly agree,0,,Strongly agree,0,,Strongly agree,0,,Strongly agree,0,,Strongly agree,0,,Strongly agree,0,,Strongly agree,0,,0,,Not at all,0,,Slightly (a little),0,,Not at all,0,,Not at all,0,,Not at all,0,,Not at all,0,,Not at all,0,,Not at all,0,,Not at all,0,,Not at all,0,,Not at all,0,,Not at all,0,,Not at all,0,,Slightly (a little),0,,Via email;In person;,0,,,0,,,0,
61,11/7/2023 13:42,11/7/2023 13:59,,,,Nigeria,0,,University,0,,Yes,0,,Data Science,0,,13 months,0,,16 months,0,,Yes,0,,,0,,English,0,,0,,Good ,0,,Good ,0,,Good ,0,,Good ,0,,Good ,0,,No,0,,Yes,0,,0,,Not at all ,0,,Not at all ,0,,Not at all ,0,,Not at all ,0,,Very,0,,A little ,0,,Not at all ,0,,Extremely,0,,Not at all ,0,,Extremely,0,,Extremely,0,,Not at all ,0,,Extremely,0,,Extremely,0,,Not applicable,0,,Extremely,0,,Not at all ,0,,Not at all ,0,,Not at all ,0,,Very,0,,0,,Good,0,,Extremely important,0,,0,,Somewhat satisfied,0,,0,,Neither agree nor disagree,0,,0,,Mildly agree,0,,Strongly agree,0,,Neutral,0,,Strongly agree,0,,Neutral,0,,Neutral,0,,Mildly agree,0,,Neutral,0,,Mildly agree,0,,Mildly disagree,0,,0,,Moderately,0,,Moderately,0,,Moderately,0,,Slightly (a little),0,,Very,0,,Very,0,,Very,0,,Very,0,,Very,0,,Moderately,0,,Not at all,0,,Slightly (a little),0,,Moderately,0,,Very,0,,Via email;,0,,,0,,,0,
62,11/9/2023 16:26,11/9/2023 16:47,,,,NIGERIA,0,,University,0,,No,0,,MSc Computer Science,0,,10 MONTHS,0,,2 Years,0,,Yes,0,,,0,,IGBO LANGUAGE,0,,0,,Excellent,0,,Excellent,0,,Excellent,0,,Excellent,0,,Excellent,0,,NO,0,,Yes,0,,0,,Not applicable,0,,Extremely,0,,Not applicable,0,,Not applicable,0,,Not applicable,0,,Not applicable,0,,Not applicable,0,,Extremely,0,,Not applicable,0,,Not applicable,0,,Extremely,0,,Not applicable,0,,Not applicable,0,,Extremely,0,,Extremely,0,,Not applicable,0,,Not at all ,0,,Not at all ,0,,Not applicable,0,,Very,0,,0,,Good,0,,Extremely important,0,,0,,Somewhat satisfied,0,,0,,Strongly agree,0,,0,,Strongly agree,0,,Strongly agree,0,,Neutral,0,,Strongly agree,0,,Neutral,0,,Strongly agree,0,,Strongly agree,0,,Strongly disagree,0,,Neutral,0,,Strongly disagree,0,,0,,Not at all,0,,Not at all,0,,Not at all,0,,Slightly (a little),0,,Not at all,0,,Not at all,0,,Not at all,0,,Slightly (a little),0,,Not at all,0,,Not at all,0,,Not at all,0,,Slightly (a little),0,,Not at all,0,,Not at all,0,,In person;,0,,"I have a passion for tech and have been waiting for an opportunity to grab it before the admission offer came from Northumbria. Before then, i have had experience in Ip addressing and internet provision and networking but not coding.  So, the assignments are a bit difficult for me and takes me a lot of extra efforts to do. i have however taken up the challenge and i like the fact that i am beginning to know how to code.",0,,,0,
63,11/28/2023 11:55,11/28/2023 12:07,,,,Nigeria,0,,University,0,,Yes,0,,Computer Science ,0,,3 months ,0,,2 Years,0,,Yes,0,,,0,,Igbo,0,,0,,Good ,0,,Good ,0,,Good ,0,,Good ,0,,Good ,0,,No,0,,Yes,0,,0,,Extremely,0,,Moderately,0,,Not at all ,0,,Not applicable,0,,Not applicable,0,,Not at all ,0,,Not at all ,0,,A little ,0,,Extremely,0,,Extremely,0,,Extremely,0,,Extremely,0,,Extremely,0,,Extremely,0,,Extremely,0,,Very,0,,Not applicable,0,,Not applicable,0,,Moderately,0,,Moderately,0,,0,,Good,0,,Extremely important,0,,0,,Somewhat satisfied,0,,0,,Strongly agree,0,,0,,Mildly agree,0,,Strongly agree,0,,Neutral,0,,Strongly agree,0,,Neutral,0,,Neutral,0,,Strongly agree,0,,Neutral,0,,Neutral,0,,Mildly agree,0,,0,,Slightly (a little),0,,Not at all,0,,Not at all,0,,Slightly (a little),0,,Not applicable,0,,Not at all,0,,Slightly (a little),0,,Extremely,0,,Not at all,0,,Not at all,0,,Slightly (a little),0,,Not at all,0,,Very,0,,Slightly (a little),0,,In person;Via email;,0,,,0,,,0,
64,11/29/2023 14:57,11/29/2023 15:07,,,,Bahrain,0,,University,0,,Yes,0,,Computer Science ,0,,10 month,0,,16 months,0,,No,0,,"Malaysia, Bachelor of Electronics Engineering, MEng Science ",0,,Arabic,0,,0,,Good ,0,,Average,0,,Average,0,,Good ,0,,Good ,0,,No,0,,No,0,,0,,Not at all ,0,,Not at all ,0,,Not at all ,0,,Extremely,0,,Not at all ,0,,Not at all ,0,,Very,0,,Not at all ,0,,Very,0,,Very,0,,Very,0,,Not at all ,0,,Very,0,,Very,0,,Extremely,0,,Moderately,0,,Not at all ,0,,Not at all ,0,,Not applicable,0,,Very,0,,0,,Average,0,,Neutral,0,,0,,Somewhat satisfied,0,,0,,Agree,0,,0,,Neutral,0,,Neutral,0,,Neutral,0,,Mildly disagree,0,,Mildly disagree,0,,Mildly agree,0,,Neutral,0,,Neutral,0,,Mildly disagree,0,,Mildly disagree,0,,0,,Not at all,0,,Slightly (a little),0,,Moderately,0,,Moderately,0,,Moderately,0,,Not at all,0,,Not at all,0,,Slightly (a little),0,,Not at all,0,,Slightly (a little),0,,Not at all,0,,Not at all,0,,Not at all,0,,Moderately,0,,In person;Via email;,0,,,0,,,0,
